2018-06-15T00:01:00.000000000Z,2018-06-15T00:02:00.000000000Z,0.030000000000001137,1.15652,1.15622,1,bid,100.03
2018-06-15T00:03:00.000000000Z,2018-06-15T00:07:00.000000000Z,0.045000000000001705,1.15665,1.15620,4,bid,100.075
2018-06-15T00:06:00.000000000Z,2018-06-15T00:08:00.000000000Z,0.045000000000015916,1.15640,1.15595,2,bid,100.12000000000002
2018-06-15T00:13:00.000000000Z,2018-06-15T00:11:00.000000000Z,0.021000000000015007,1.15631,1.15610,2,ask,100.14100000000003
2018-06-15T00:17:00.000000000Z,2018-06-15T00:14:00.000000000Z,0.04899999999999238,1.15672,1.15623,3,ask,100.19000000000003
2018-06-15T00:25:00.000000000Z,2018-06-15T00:16:00.000000000Z,0.007000000000005002,1.15659,1.15652,9,ask,100.19700000000003
2018-06-15T00:26:00.000000000Z,2018-06-15T00:18:00.000000000Z,0.02400000000000091,1.15677,1.15653,8,ask,100.22100000000003
2018-06-15T00:29:00.000000000Z,2018-06-15T00:20:00.000000000Z,-0.0010000000000047748,1.15675,1.15676,9,ask,100.22000000000003
2018-06-15T00:31:00.000000000Z,2018-06-15T00:23:00.000000000Z,0.012000000000014666,1.15674,1.15662,8,ask,100.23200000000004
2018-06-15T00:33:00.000000000Z,2018-06-15T00:27:00.000000000Z,0.016000000000019554,1.15684,1.15668,6,ask,100.24800000000006
2018-06-15T00:36:00.000000000Z,2018-06-15T00:30:00.000000000Z,-0.007000000000005002,1.15661,1.15668,6,ask,100.24100000000006
2018-06-15T00:41:00.000000000Z,2018-06-15T00:34:00.000000000Z,-0.024999999999991473,1.15630,1.15655,7,ask,100.21600000000007
2018-06-15T00:44:00.000000000Z,2018-06-15T00:35:00.000000000Z,-0.027000000000001023,1.15629,1.15656,8,ask,100.18900000000006
2018-06-15T00:48:00.000000000Z,2018-06-15T00:42:00.000000000Z,-0.0020000000000095497,1.15607,1.15609,5,ask,100.18700000000005
2018-06-15T00:54:00.000000000Z,2018-06-15T00:45:00.000000000Z,-0.01100000000000989,1.15591,1.15602,9,ask,100.17600000000004
2018-06-15T00:56:00.000000000Z,2018-06-15T00:46:00.000000000Z,-0.002999999999985903,1.15607,1.15610,10,ask,100.17300000000006
2018-06-15T00:59:00.000000000Z,2018-06-15T00:47:00.000000000Z,-0.010999999999981469,1.15599,1.15610,12,ask,100.16200000000008
2018-06-15T01:01:00.000000000Z,2018-06-15T00:50:00.000000000Z,0.0309999999999917,1.15615,1.15584,11,ask,100.19300000000007
2018-06-15T01:03:00.000000000Z,2018-06-15T00:51:00.000000000Z,0.038000000000010914,1.15612,1.15574,12,ask,100.23100000000008
2018-06-15T01:07:00.000000000Z,2018-06-15T00:52:00.000000000Z,0.08499999999999375,1.15647,1.15562,15,ask,100.31600000000007
2018-06-15T01:10:00.000000000Z,2018-06-15T00:53:00.000000000Z,0.0899999999999892,1.15648,1.15558,17,ask,100.40600000000006
2018-06-15T01:13:00.000000000Z,2018-06-15T00:55:00.000000000Z,0.0660000000000025,1.15650,1.15584,18,ask,100.47200000000007
2018-06-15T01:14:00.000000000Z,2018-06-15T00:57:00.000000000Z,0.06199999999999761,1.15662,1.15600,17,ask,100.53400000000006
2018-06-15T01:15:00.000000000Z,2018-06-15T00:58:00.000000000Z,0.05900000000001171,1.15646,1.15587,17,ask,100.59300000000007
2018-06-15T01:16:00.000000000Z,2018-06-15T01:00:00.000000000Z,0.03900000000001569,1.15649,1.15610,16,ask,100.63200000000009
2018-06-15T01:18:00.000000000Z,2018-06-15T01:02:00.000000000Z,0.04200000000000159,1.15645,1.15603,16,ask,100.67400000000009
2018-06-15T01:19:00.000000000Z,2018-06-15T01:05:00.000000000Z,0.046999999999997044,1.15651,1.15604,14,ask,100.72100000000009
2018-06-15T01:24:00.000000000Z,2018-06-15T01:06:00.000000000Z,0.046999999999997044,1.15651,1.15604,18,ask,100.76800000000009
2018-06-15T01:26:00.000000000Z,2018-06-15T01:08:00.000000000Z,0.012999999999991019,1.15646,1.15633,18,ask,100.78100000000008
2018-06-15T01:27:00.000000000Z,2018-06-15T01:09:00.000000000Z,0.025000000000005684,1.15649,1.15624,18,ask,100.80600000000008
2018-06-15T01:28:00.000000000Z,2018-06-15T01:11:00.000000000Z,0.0020000000000237605,1.15636,1.15634,17,ask,100.8080000000001
2018-06-15T01:29:00.000000000Z,2018-06-15T01:20:00.000000000Z,0.0049999999999954525,1.15652,1.15647,9,ask,100.8130000000001
2018-06-15T01:33:00.000000000Z,2018-06-15T01:23:00.000000000Z,0.01500000000001478,1.15656,1.15641,10,ask,100.82800000000012
2018-06-15T01:34:00.000000000Z,2018-06-15T01:30:00.000000000Z,0.02199999999999136,1.15668,1.15646,4,ask,100.85000000000011
2018-06-15T01:35:00.000000000Z,2018-06-15T01:36:00.000000000Z,0.015999999999991132,1.15671,1.15655,1,bid,100.8660000000001
2018-06-15T01:37:00.000000000Z,2018-06-15T01:40:00.000000000Z,0.006000000000000227,1.15676,1.15670,2,bid,100.8720000000001
2018-06-15T01:43:00.000000000Z,2018-06-15T01:44:00.000000000Z,0.015000000000000568,1.15690,1.15675,1,bid,100.8870000000001
2018-06-15T01:47:00.000000000Z,2018-06-15T01:48:00.000000000Z,0.012000000000000455,1.15690,1.15678,1,bid,100.8990000000001
2018-06-15T01:51:00.000000000Z,2018-06-15T01:49:00.000000000Z,0.02600000000002467,1.15707,1.15681,2,ask,100.92500000000013
2018-06-15T01:54:00.000000000Z,2018-06-15T01:50:00.000000000Z,0.005000000000009663,1.15694,1.15689,4,ask,100.93000000000013
2018-06-15T01:55:00.000000000Z,2018-06-15T01:53:00.000000000Z,0.013999999999995794,1.15689,1.15675,2,ask,100.94400000000013
2018-06-15T01:57:00.000000000Z,2018-06-15T02:00:00.000000000Z,0.03499999999999659,1.15702,1.15667,3,bid,100.97900000000013
2018-06-15T01:58:00.000000000Z,2018-06-15T02:01:00.000000000Z,0.001999999999995339,1.15695,1.15693,3,bid,100.98100000000012
2018-06-15T01:59:00.000000000Z,2018-06-15T02:07:00.000000000Z,0.022999999999996135,1.15696,1.15673,7,bid,101.00400000000012
2018-06-15T02:05:00.000000000Z,2018-06-15T02:12:00.000000000Z,0.02200000000000557,1.15704,1.15682,7,bid,101.02600000000012
2018-06-15T02:09:00.000000000Z,2018-06-15T02:13:00.000000000Z,0.0010000000000189857,1.15686,1.15685,4,bid,101.02700000000014
2018-06-15T02:11:00.000000000Z,2018-06-15T02:15:00.000000000Z,0.027000000000001023,1.15701,1.15674,4,bid,101.05400000000014
2018-06-15T02:14:00.000000000Z,2018-06-15T02:17:00.000000000Z,0.031999999999982265,1.15695,1.15663,3,bid,101.08600000000013
2018-06-15T02:16:00.000000000Z,2018-06-15T02:18:00.000000000Z,0.015999999999991132,1.15675,1.15659,2,bid,101.10200000000012
2018-06-15T02:24:00.000000000Z,2018-06-15T02:19:00.000000000Z,-0.0010000000000047748,1.15671,1.15672,4,ask,101.10100000000011
2018-06-15T02:25:00.000000000Z,2018-06-15T02:21:00.000000000Z,0.0040000000000048885,1.15670,1.15666,3,ask,101.10500000000012
2018-06-15T02:26:00.000000000Z,2018-06-15T02:34:00.000000000Z,0.03300000000000125,1.15682,1.15649,6,bid,101.13800000000012
2018-06-15T02:29:00.000000000Z,2018-06-15T02:42:00.000000000Z,0.033999999999977604,1.15681,1.15647,11,bid,101.1720000000001
2018-06-15T02:30:00.000000000Z,2018-06-15T02:43:00.000000000Z,0.021000000000000796,1.15672,1.15651,11,bid,101.1930000000001
2018-06-15T02:32:00.000000000Z,2018-06-15T02:47:00.000000000Z,0.05099999999997351,1.15681,1.15630,14,bid,101.24400000000007
2018-06-15T02:37:00.000000000Z,2018-06-15T02:53:00.000000000Z,0.014000000000010004,1.15656,1.15642,15,bid,101.25800000000008
2018-06-15T02:39:00.000000000Z,2018-06-15T02:56:00.000000000Z,0.019000000000019668,1.15656,1.15637,16,bid,101.2770000000001
2018-06-15T02:44:00.000000000Z,2018-06-15T02:59:00.000000000Z,-0.015999999999991132,1.15636,1.15652,14,bid,101.26100000000011
2018-06-15T02:46:00.000000000Z,2018-06-15T03:00:00.000000000Z,-0.0040000000000048885,1.15638,1.15642,13,bid,101.2570000000001
2018-06-15T02:49:00.000000000Z,2018-06-15T03:01:00.000000000Z,-0.010000000000005116,1.15638,1.15648,11,bid,101.2470000000001
2018-06-15T02:52:00.000000000Z,2018-06-15T03:03:00.000000000Z,-0.016999999999995907,1.15654,1.15671,11,bid,101.2300000000001
2018-06-15T02:57:00.000000000Z,2018-06-15T03:04:00.000000000Z,-0.01300000000000523,1.15650,1.15663,7,bid,101.2170000000001
2018-06-15T03:02:00.000000000Z,2018-06-15T03:05:00.000000000Z,0.0040000000000048885,1.15666,1.15662,3,bid,101.2210000000001
2018-06-15T03:07:00.000000000Z,2018-06-15T03:06:00.000000000Z,0.018999999999991246,1.15664,1.15645,1,ask,101.2400000000001
2018-06-15T03:09:00.000000000Z,2018-06-15T03:15:00.000000000Z,0.03899999999998727,1.15655,1.15616,6,bid,101.27900000000008
2018-06-15T03:10:00.000000000Z,2018-06-15T03:17:00.000000000Z,0.06200000000001182,1.15677,1.15615,7,bid,101.3410000000001
2018-06-15T03:12:00.000000000Z,2018-06-15T03:18:00.000000000Z,0.025000000000005684,1.15647,1.15622,6,bid,101.3660000000001
2018-06-15T03:16:00.000000000Z,2018-06-15T03:21:00.000000000Z,-0.028000000000005798,1.15629,1.15657,5,bid,101.3380000000001
2018-06-15T03:23:00.000000000Z,2018-06-15T03:27:00.000000000Z,0.020000000000024443,1.15657,1.15637,4,bid,101.35800000000012
2018-06-15T03:28:00.000000000Z,2018-06-15T03:31:00.000000000Z,0.012000000000000455,1.15647,1.15635,3,bid,101.37000000000012
2018-06-15T03:30:00.000000000Z,2018-06-15T03:33:00.000000000Z,0.016999999999995907,1.15646,1.15629,3,bid,101.38700000000011
2018-06-15T03:32:00.000000000Z,2018-06-15T03:41:00.000000000Z,-0.02199999999997715,1.15640,1.15662,9,bid,101.36500000000014
2018-06-15T03:36:00.000000000Z,2018-06-15T03:45:00.000000000Z,-0.004999999999981242,1.15657,1.15662,7,bid,101.36000000000016
2018-06-15T03:38:00.000000000Z,2018-06-15T03:50:00.000000000Z,0.01999999999999602,1.15671,1.15651,8,bid,101.38000000000015
2018-06-15T03:40:00.000000000Z,2018-06-15T03:52:00.000000000Z,0.034000000000006025,1.15671,1.15637,8,bid,101.41400000000016
2018-06-15T03:42:00.000000000Z,2018-06-15T03:55:00.000000000Z,0.03100000000000591,1.15677,1.15646,9,bid,101.44500000000016
2018-06-15T03:48:00.000000000Z,2018-06-15T03:57:00.000000000Z,0.02200000000000557,1.15666,1.15644,8,bid,101.46700000000017
2018-06-15T03:54:00.000000000Z,2018-06-15T04:01:00.000000000Z,-0.003999999999990678,1.15654,1.15658,7,bid,101.46300000000018
2018-06-15T04:03:00.000000000Z,2018-06-15T04:02:00.000000000Z,0.010000000000005116,1.15675,1.15665,1,ask,101.47300000000018
2018-06-15T04:15:00.000000000Z,2018-06-15T04:04:00.000000000Z,0.01500000000001478,1.15679,1.15664,11,ask,101.4880000000002
2018-06-15T04:20:00.000000000Z,2018-06-15T04:09:00.000000000Z,0.0010000000000047748,1.15683,1.15682,11,ask,101.4890000000002
2018-06-15T04:24:00.000000000Z,2018-06-15T04:13:00.000000000Z,0.006000000000000227,1.15679,1.15673,10,ask,101.4950000000002
2018-06-15T04:25:00.000000000Z,2018-06-15T04:14:00.000000000Z,0.008000000000009777,1.15676,1.15668,10,ask,101.50300000000021
2018-06-15T04:28:00.000000000Z,2018-06-15T04:16:00.000000000Z,0.036000000000001364,1.15703,1.15667,11,ask,101.53900000000021
2018-06-15T04:31:00.000000000Z,2018-06-15T04:17:00.000000000Z,0.01100000000000989,1.15682,1.15671,13,ask,101.55000000000022
2018-06-15T04:40:00.000000000Z,2018-06-15T04:26:00.000000000Z,0.022999999999996135,1.15698,1.15675,14,ask,101.57300000000022
2018-06-15T04:41:00.000000000Z,2018-06-15T04:27:00.000000000Z,0.02199999999999136,1.15702,1.15680,14,ask,101.59500000000021
2018-06-15T04:52:00.000000000Z,2018-06-15T04:32:00.000000000Z,0.02599999999999625,1.15699,1.15673,18,ask,101.62100000000021
2018-06-15T04:54:00.000000000Z,2018-06-15T04:33:00.000000000Z,0.028999999999996362,1.15706,1.15677,18,ask,101.6500000000002
2018-06-15T05:00:00.000000000Z,2018-06-15T04:34:00.000000000Z,0.01999999999999602,1.15702,1.15682,22,ask,101.6700000000002
2018-06-15T05:03:00.000000000Z,2018-06-15T04:36:00.000000000Z,0.03899999999998727,1.15712,1.15673,23,ask,101.70900000000019
2018-06-15T05:11:00.000000000Z,2018-06-15T04:37:00.000000000Z,0.060000000000002274,1.15727,1.15667,28,ask,101.76900000000019
2018-06-15T05:17:00.000000000Z,2018-06-15T04:39:00.000000000Z,0.03100000000000591,1.15720,1.15689,31,ask,101.8000000000002
2018-06-15T05:19:00.000000000Z,2018-06-15T04:43:00.000000000Z,0.03499999999999659,1.15721,1.15686,30,ask,101.83500000000019
2018-06-15T05:22:00.000000000Z,2018-06-15T04:46:00.000000000Z,0.04399999999999693,1.15731,1.15687,31,ask,101.87900000000019
2018-06-15T05:27:00.000000000Z,2018-06-15T04:47:00.000000000Z,0.03499999999998238,1.15712,1.15677,35,ask,101.91400000000017
2018-06-15T05:32:00.000000000Z,2018-06-15T04:48:00.000000000Z,0.06999999999999318,1.15743,1.15673,39,ask,101.98400000000017
2018-06-15T05:35:00.000000000Z,2018-06-15T04:49:00.000000000Z,0.09799999999999898,1.15759,1.15661,41,ask,102.08200000000016
2018-06-15T05:40:00.000000000Z,2018-06-15T04:50:00.000000000Z,0.0309999999999917,1.15690,1.15659,45,ask,102.11300000000016
2018-06-15T05:43:00.000000000Z,2018-06-15T04:51:00.000000000Z,0.007000000000005002,1.15674,1.15667,47,ask,102.12000000000016
2018-06-15T05:47:00.000000000Z,2018-06-15T04:57:00.000000000Z,-0.006999999999990791,1.15683,1.15690,47,ask,102.11300000000017
2018-06-15T05:50:00.000000000Z,2018-06-15T04:58:00.000000000Z,-0.030000000000001137,1.15657,1.15687,49,ask,102.08300000000017
2018-06-15T05:52:00.000000000Z,2018-06-15T04:59:00.000000000Z,-0.03200000000001069,1.15664,1.15696,50,ask,102.05100000000016
2018-06-15T05:53:00.000000000Z,2018-06-15T05:09:00.000000000Z,-0.02599999999999625,1.15676,1.15702,43,ask,102.02500000000016
2018-06-15T05:56:00.000000000Z,2018-06-15T05:10:00.000000000Z,-0.05500000000000682,1.15649,1.15704,45,ask,101.97000000000016
2018-06-15T05:57:00.000000000Z,2018-06-15T05:13:00.000000000Z,-0.09799999999999898,1.15624,1.15722,44,ask,101.87200000000016
2018-06-15T05:58:00.000000000Z,2018-06-15T05:16:00.000000000Z,-0.09600000000000364,1.15624,1.15720,42,ask,101.77600000000015
2018-06-15T06:05:00.000000000Z,2018-06-15T05:20:00.000000000Z,-0.2079999999999984,1.15510,1.15718,45,ask,101.56800000000015
2018-06-15T06:07:00.000000000Z,2018-06-15T05:24:00.000000000Z,-0.2120000000000175,1.15488,1.15700,43,ask,101.35600000000014
2018-06-15T06:12:00.000000000Z,2018-06-15T05:28:00.000000000Z,-0.17799999999998306,1.15545,1.15723,44,ask,101.17800000000015
2018-06-15T06:13:00.000000000Z,2018-06-15T05:29:00.000000000Z,-0.16499999999999204,1.15575,1.15740,44,ask,101.01300000000016
2018-06-15T06:17:00.000000000Z,2018-06-15T05:30:00.000000000Z,-0.10500000000000398,1.15629,1.15734,47,ask,100.90800000000016
2018-06-15T06:29:00.000000000Z,2018-06-15T05:34:00.000000000Z,-0.09999999999999432,1.15647,1.15747,55,ask,100.80800000000016
2018-06-15T06:33:00.000000000Z,2018-06-15T05:36:00.000000000Z,-0.13800000000000523,1.15607,1.15745,57,ask,100.67000000000016
2018-06-15T06:34:00.000000000Z,2018-06-15T05:37:00.000000000Z,-0.14399999999999125,1.15595,1.15739,57,ask,100.52600000000017
2018-06-15T06:36:00.000000000Z,2018-06-15T05:38:00.000000000Z,-0.05999999999998806,1.15656,1.15716,58,ask,100.46600000000018
2018-06-15T06:41:00.000000000Z,2018-06-15T05:41:00.000000000Z,-0.01100000000000989,1.15658,1.15669,60,ask,100.45500000000017
2018-06-15T06:42:00.000000000Z,2018-06-15T05:45:00.000000000Z,0.0059999999999860165,1.15661,1.15655,57,ask,100.46100000000015
2018-06-15T06:43:00.000000000Z,2018-06-15T05:46:00.000000000Z,0.016000000000005343,1.15682,1.15666,57,ask,100.47700000000016
2018-06-15T06:44:00.000000000Z,2018-06-15T05:48:00.000000000Z,0.0010000000000047748,1.15662,1.15661,56,ask,100.47800000000016
2018-06-15T06:53:00.000000000Z,2018-06-15T05:49:00.000000000Z,0.06799999999998363,1.15715,1.15647,64,ask,100.54600000000015
2018-06-15T06:54:00.000000000Z,2018-06-15T05:51:00.000000000Z,0.058000000000006935,1.15710,1.15652,63,ask,100.60400000000016
2018-06-15T06:55:00.000000000Z,2018-06-15T05:54:00.000000000Z,0.10500000000000398,1.15704,1.15599,61,ask,100.70900000000016
2018-06-15T06:56:00.000000000Z,2018-06-15T05:55:00.000000000Z,0.07200000000000273,1.15690,1.15618,61,ask,100.78100000000016
2018-06-15T07:02:00.000000000Z,2018-06-15T06:03:00.000000000Z,0.03300000000000125,1.15558,1.15525,59,ask,100.81400000000016
2018-06-15T07:07:00.000000000Z,2018-06-15T06:04:00.000000000Z,-0.009000000000000341,1.15504,1.15513,63,ask,100.80500000000016
2018-06-15T07:08:00.000000000Z,2018-06-15T06:08:00.000000000Z,0.0619999999999834,1.15542,1.15480,60,ask,100.86700000000015
2018-06-15T07:14:00.000000000Z,2018-06-15T06:09:00.000000000Z,0.006000000000000227,1.15530,1.15524,65,ask,100.87300000000015
2018-06-15T07:16:00.000000000Z,2018-06-15T06:10:00.000000000Z,-0.0759999999999792,1.15440,1.15516,66,ask,100.79700000000017
2018-06-15T07:18:00.000000000Z,2018-06-15T06:14:00.000000000Z,-0.07500000000000284,1.15506,1.15581,64,ask,100.72200000000016
2018-06-15T07:29:00.000000000Z,2018-06-15T06:21:00.000000000Z,0.04399999999999693,1.15669,1.15625,68,ask,100.76600000000016
2018-06-15T07:30:00.000000000Z,2018-06-15T06:22:00.000000000Z,0.042999999999992156,1.15682,1.15639,68,ask,100.80900000000015
2018-06-15T07:33:00.000000000Z,2018-06-15T06:23:00.000000000Z,0.07699999999998397,1.15717,1.15640,70,ask,100.88600000000014
2018-06-15T07:37:00.000000000Z,2018-06-15T06:25:00.000000000Z,0.05099999999998772,1.15705,1.15654,72,ask,100.93700000000013
2018-06-15T07:39:00.000000000Z,2018-06-15T06:26:00.000000000Z,0.1460000000000008,1.15770,1.15624,73,ask,101.08300000000013
2018-06-15T07:40:00.000000000Z,2018-06-15T06:27:00.000000000Z,0.12300000000000466,1.15760,1.15637,73,ask,101.20600000000013
2018-06-15T07:41:00.000000000Z,2018-06-15T06:28:00.000000000Z,0.11199999999998056,1.15759,1.15647,73,ask,101.31800000000011
2018-06-15T07:44:00.000000000Z,2018-06-15T06:30:00.000000000Z,0.13399999999998613,1.15770,1.15636,74,ask,101.4520000000001
2018-06-15T07:45:00.000000000Z,2018-06-15T06:31:00.000000000Z,0.1640000000000157,1.15785,1.15621,75,ask,101.61600000000011
2018-06-15T07:51:00.000000000Z,2018-06-15T06:37:00.000000000Z,0.2609999999999957,1.15914,1.15653,75,ask,101.87700000000011
2018-06-15T07:55:00.000000000Z,2018-06-15T06:38:00.000000000Z,0.2319999999999851,1.15854,1.15622,78,ask,102.1090000000001
2018-06-15T07:56:00.000000000Z,2018-06-15T06:40:00.000000000Z,0.20699999999997942,1.15854,1.15647,77,ask,102.31600000000007
2018-06-15T07:57:00.000000000Z,2018-06-15T06:45:00.000000000Z,0.22500000000000853,1.15859,1.15634,73,ask,102.54100000000008
2018-06-15T07:58:00.000000000Z,2018-06-15T06:46:00.000000000Z,0.24200000000000443,1.15896,1.15654,73,ask,102.78300000000009
2018-06-15T08:00:00.000000000Z,2018-06-15T06:48:00.000000000Z,0.2459999999999809,1.15925,1.15679,73,ask,103.02900000000007
2018-06-15T08:09:00.000000000Z,2018-06-15T06:49:00.000000000Z,0.21299999999999386,1.15892,1.15679,81,ask,103.24200000000006
2018-06-15T08:10:00.000000000Z,2018-06-15T06:51:00.000000000Z,0.24200000000000443,1.15896,1.15654,80,ask,103.48400000000007
2018-06-15T08:18:00.000000000Z,2018-06-15T06:52:00.000000000Z,0.262999999999991,1.15919,1.15656,87,ask,103.74700000000006
2018-06-15T08:19:00.000000000Z,2018-06-15T06:57:00.000000000Z,0.29399999999999693,1.15947,1.15653,83,ask,104.04100000000005
2018-06-15T08:23:00.000000000Z,2018-06-15T06:59:00.000000000Z,0.2569999999999908,1.15941,1.15684,85,ask,104.29800000000004
2018-06-15T08:28:00.000000000Z,2018-06-15T07:00:00.000000000Z,0.3520000000000181,1.15989,1.15637,89,ask,104.65000000000006
2018-06-15T08:31:00.000000000Z,2018-06-15T07:01:00.000000000Z,0.3300000000000125,1.15941,1.15611,91,ask,104.98000000000008
2018-06-15T08:33:00.000000000Z,2018-06-15T07:03:00.000000000Z,0.4030000000000058,1.15923,1.15520,91,ask,105.38300000000008
2018-06-15T08:35:00.000000000Z,2018-06-15T07:05:00.000000000Z,0.48699999999999477,1.15932,1.15445,91,ask,105.87000000000008
2018-06-15T08:37:00.000000000Z,2018-06-15T07:06:00.000000000Z,0.44700000000000273,1.15931,1.15484,92,ask,106.31700000000008
2018-06-15T08:38:00.000000000Z,2018-06-15T07:09:00.000000000Z,0.37400000000000944,1.15916,1.15542,90,ask,106.69100000000009
2018-06-15T08:46:00.000000000Z,2018-06-15T07:10:00.000000000Z,0.39700000000000557,1.15951,1.15554,97,ask,107.0880000000001
2018-06-15T08:50:00.000000000Z,2018-06-15T07:12:00.000000000Z,0.4210000000000065,1.15977,1.15556,99,ask,107.5090000000001
2018-06-15T08:54:00.000000000Z,2018-06-15T07:13:00.000000000Z,0.40100000000001046,1.15965,1.15564,102,ask,107.91000000000011
2018-06-15T08:55:00.000000000Z,2018-06-15T07:15:00.000000000Z,0.44700000000000273,1.15930,1.15483,101,ask,108.35700000000011
2018-06-15T08:56:00.000000000Z,2018-06-15T07:19:00.000000000Z,0.42600000000001614,1.15921,1.15495,98,ask,108.78300000000013
2018-06-15T09:01:00.000000000Z,2018-06-15T07:21:00.000000000Z,0.3429999999999751,1.15881,1.15538,101,ask,109.1260000000001
2018-06-15T09:06:00.000000000Z,2018-06-15T07:23:00.000000000Z,0.35999999999999943,1.15937,1.15577,104,ask,109.4860000000001
2018-06-15T09:09:00.000000000Z,2018-06-15T07:25:00.000000000Z,0.3440000000000083,1.15952,1.15608,105,ask,109.83000000000011
2018-06-15T09:11:00.000000000Z,2018-06-15T07:26:00.000000000Z,0.3510000000000133,1.15989,1.15638,106,ask,110.18100000000013
2018-06-15T09:12:00.000000000Z,2018-06-15T07:27:00.000000000Z,0.40399999999999636,1.16043,1.15639,106,ask,110.58500000000012
2018-06-15T09:13:00.000000000Z,2018-06-15T07:38:00.000000000Z,0.34600000000000364,1.16068,1.15722,96,ask,110.93100000000013
2018-06-15T09:14:00.000000000Z,2018-06-15T07:42:00.000000000Z,0.33600000000001273,1.16092,1.15756,93,ask,111.26700000000014
2018-06-15T09:15:00.000000000Z,2018-06-15T07:43:00.000000000Z,0.3469999999999942,1.16092,1.15745,93,ask,111.61400000000013
2018-06-15T09:16:00.000000000Z,2018-06-15T07:44:00.000000000Z,0.3340000000000032,1.16091,1.15757,92,ask,111.94800000000014
2018-06-15T09:24:00.000000000Z,2018-06-15T07:46:00.000000000Z,0.29599999999997806,1.16081,1.15785,98,ask,112.24400000000011
2018-06-15T09:27:00.000000000Z,2018-06-15T07:47:00.000000000Z,0.29000000000002046,1.16074,1.15784,100,ask,112.53400000000013
2018-06-15T09:28:00.000000000Z,2018-06-15T07:48:00.000000000Z,0.2639999999999958,1.16087,1.15823,100,ask,112.79800000000013
2018-06-15T09:33:00.000000000Z,2018-06-15T07:50:00.000000000Z,0.2220000000000084,1.16036,1.15814,103,ask,113.02000000000014
2018-06-15T09:36:00.000000000Z,2018-06-15T07:53:00.000000000Z,0.18300000000000693,1.16057,1.15874,103,ask,113.20300000000015
2018-06-15T09:38:00.000000000Z,2018-06-15T07:59:00.000000000Z,0.10599999999999454,1.15997,1.15891,99,ask,113.30900000000014
2018-06-15T09:41:00.000000000Z,2018-06-15T08:01:00.000000000Z,0.09600000000000364,1.16023,1.15927,100,ask,113.40500000000014
2018-06-15T09:43:00.000000000Z,2018-06-15T08:05:00.000000000Z,0.21699999999999875,1.16083,1.15866,98,ask,113.62200000000014
2018-06-15T09:45:00.000000000Z,2018-06-15T08:08:00.000000000Z,0.1920000000000215,1.16073,1.15881,97,ask,113.81400000000016
2018-06-15T09:48:00.000000000Z,2018-06-15T08:11:00.000000000Z,0.1869999999999976,1.16058,1.15871,97,ask,114.00100000000016
2018-06-15T09:49:00.000000000Z,2018-06-15T08:16:00.000000000Z,0.1150000000000091,1.16072,1.15957,93,ask,114.11600000000017
2018-06-15T09:53:00.000000000Z,2018-06-15T08:20:00.000000000Z,0.11200000000000898,1.16045,1.15933,93,ask,114.22800000000018
2018-06-15T09:57:00.000000000Z,2018-06-15T08:21:00.000000000Z,0.06699999999999307,1.16017,1.15950,96,ask,114.29500000000017
2018-06-15T10:02:00.000000000Z,2018-06-15T08:34:00.000000000Z,0.08199999999999363,1.15993,1.15911,88,ask,114.37700000000017
2018-06-15T10:06:00.000000000Z,2018-06-15T08:41:00.000000000Z,0.02899999999998215,1.15976,1.15947,85,ask,114.40600000000015
2018-06-15T10:07:00.000000000Z,2018-06-15T08:43:00.000000000Z,0.06399999999999295,1.15980,1.15916,84,ask,114.47000000000014
2018-06-15T10:13:00.000000000Z,2018-06-15T08:49:00.000000000Z,0.0660000000000025,1.16008,1.15942,84,ask,114.53600000000014
2018-06-15T10:14:00.000000000Z,2018-06-15T08:51:00.000000000Z,0.08900000000001285,1.16030,1.15941,83,ask,114.62500000000016
2018-06-15T10:16:00.000000000Z,2018-06-15T08:52:00.000000000Z,0.12199999999999989,1.16048,1.15926,84,ask,114.74700000000016
2018-06-15T10:17:00.000000000Z,2018-06-15T08:58:00.000000000Z,0.08900000000001285,1.16006,1.15917,79,ask,114.83600000000017
2018-06-15T10:22:00.000000000Z,2018-06-15T08:59:00.000000000Z,-0.1039999999999992,1.15815,1.15919,83,ask,114.73200000000017
2018-06-15T10:25:00.000000000Z,2018-06-15T09:00:00.000000000Z,-0.21100000000001273,1.15658,1.15869,85,ask,114.52100000000016
2018-06-15T10:28:00.000000000Z,2018-06-15T09:02:00.000000000Z,0.045000000000001705,1.15934,1.15889,86,ask,114.56600000000016
2018-06-15T10:32:00.000000000Z,2018-06-15T09:08:00.000000000Z,-0.038000000000010914,1.15906,1.15944,84,ask,114.52800000000015
2018-06-15T10:33:00.000000000Z,2018-06-15T09:17:00.000000000Z,-0.19400000000000261,1.15888,1.16082,76,ask,114.33400000000015
2018-06-15T10:34:00.000000000Z,2018-06-15T09:18:00.000000000Z,-0.14000000000001478,1.15988,1.16128,76,ask,114.19400000000013
2018-06-15T10:35:00.000000000Z,2018-06-15T09:21:00.000000000Z,-0.14300000000000068,1.15988,1.16131,74,ask,114.05100000000013
2018-06-15T10:37:00.000000000Z,2018-06-15T09:22:00.000000000Z,-0.18899999999999295,1.15909,1.16098,75,ask,113.86200000000014
2018-06-15T10:41:00.000000000Z,2018-06-15T09:23:00.000000000Z,-0.15500000000001535,1.15929,1.16084,78,ask,113.70700000000012
2018-06-15T10:43:00.000000000Z,2018-06-15T09:25:00.000000000Z,-0.15699999999998226,1.15908,1.16065,78,ask,113.55000000000014
2018-06-15T10:47:00.000000000Z,2018-06-15T09:26:00.000000000Z,-0.12600000000000477,1.15956,1.16082,81,ask,113.42400000000013
2018-06-15T10:48:00.000000000Z,2018-06-15T09:29:00.000000000Z,-0.11400000000001853,1.15986,1.16100,79,ask,113.31000000000012
2018-06-15T10:49:00.000000000Z,2018-06-15T09:34:00.000000000Z,-0.04999999999999716,1.15970,1.16020,75,ask,113.26000000000012
2018-06-15T10:50:00.000000000Z,2018-06-15T09:40:00.000000000Z,-0.034000000000006025,1.15953,1.15987,70,ask,113.22600000000011
2018-06-15T10:55:00.000000000Z,2018-06-15T09:50:00.000000000Z,-0.06399999999999295,1.16001,1.16065,65,ask,113.16200000000012
2018-06-15T10:57:00.000000000Z,2018-06-15T09:51:00.000000000Z,-0.05100000000000193,1.15971,1.16022,66,ask,113.11100000000012
2018-06-15T10:58:00.000000000Z,2018-06-15T09:52:00.000000000Z,-0.09399999999999409,1.15964,1.16058,66,ask,113.01700000000012
2018-06-15T11:01:00.000000000Z,2018-06-15T09:54:00.000000000Z,-0.11100000000001842,1.15915,1.16026,67,ask,112.9060000000001
2018-06-15T11:03:00.000000000Z,2018-06-15T09:55:00.000000000Z,-0.0999999999999801,1.15908,1.16008,68,ask,112.80600000000013
2018-06-15T11:05:00.000000000Z,2018-06-15T09:58:00.000000000Z,-0.15800000000000125,1.15862,1.16020,67,ask,112.64800000000012
2018-06-15T11:08:00.000000000Z,2018-06-15T10:01:00.000000000Z,-0.09599999999998943,1.15928,1.16024,67,ask,112.55200000000013
2018-06-15T11:11:00.000000000Z,2018-06-15T10:05:00.000000000Z,-0.10799999999998988,1.15877,1.15985,66,ask,112.44400000000014
2018-06-15T11:12:00.000000000Z,2018-06-15T10:08:00.000000000Z,-0.06700000000002149,1.15888,1.15955,64,ask,112.37700000000012
2018-06-15T11:14:00.000000000Z,2018-06-15T10:09:00.000000000Z,-0.0969999999999942,1.15867,1.15964,65,ask,112.28000000000013
2018-06-15T11:19:00.000000000Z,2018-06-15T10:10:00.000000000Z,-0.13000000000000966,1.15848,1.15978,69,ask,112.15000000000012
2018-06-15T11:26:00.000000000Z,2018-06-15T10:12:00.000000000Z,-0.10899999999999466,1.15872,1.15981,74,ask,112.04100000000012
2018-06-15T11:28:00.000000000Z,2018-06-15T10:15:00.000000000Z,-0.1279999999999859,1.15903,1.16031,73,ask,111.91300000000014
2018-06-15T11:34:00.000000000Z,2018-06-15T10:18:00.000000000Z,-0.028000000000005798,1.15917,1.15945,76,ask,111.88500000000013
2018-06-15T11:35:00.000000000Z,2018-06-15T10:19:00.000000000Z,-0.010000000000005116,1.15890,1.15900,76,ask,111.87500000000013
2018-06-15T11:37:00.000000000Z,2018-06-15T10:20:00.000000000Z,-0.0010000000000047748,1.15917,1.15918,77,ask,111.87400000000012
2018-06-15T11:38:00.000000000Z,2018-06-15T10:21:00.000000000Z,0.024999999999991473,1.15926,1.15901,77,ask,111.89900000000011
2018-06-15T11:44:00.000000000Z,2018-06-15T10:23:00.000000000Z,0.2219999999999942,1.15993,1.15771,81,ask,112.12100000000011
2018-06-15T11:47:00.000000000Z,2018-06-15T10:24:00.000000000Z,0.2990000000000066,1.15952,1.15653,83,ask,112.42000000000012
2018-06-15T11:50:00.000000000Z,2018-06-15T10:26:00.000000000Z,0.25799999999998136,1.15942,1.15684,84,ask,112.6780000000001
2018-06-15T11:51:00.000000000Z,2018-06-15T10:27:00.000000000Z,0.07399999999999807,1.15951,1.15877,84,ask,112.7520000000001
2018-06-15T11:53:00.000000000Z,2018-06-15T10:30:00.000000000Z,0.019000000000019668,1.15955,1.15936,83,ask,112.77100000000011
2018-06-15T11:56:00.000000000Z,2018-06-15T10:39:00.000000000Z,0.03499999999998238,1.15902,1.15867,77,ask,112.8060000000001
2018-06-15T11:57:00.000000000Z,2018-06-15T10:42:00.000000000Z,-0.012000000000014666,1.15902,1.15914,75,ask,112.79400000000008
2018-06-15T11:59:00.000000000Z,2018-06-15T10:44:00.000000000Z,-0.06499999999999773,1.15888,1.15953,75,ask,112.72900000000008
2018-06-15T12:01:00.000000000Z,2018-06-15T10:45:00.000000000Z,0.0379999999999967,1.15960,1.15922,76,ask,112.76700000000008
2018-06-15T12:06:00.000000000Z,2018-06-15T10:51:00.000000000Z,0.06599999999998829,1.15990,1.15924,75,ask,112.83300000000007
2018-06-15T12:09:00.000000000Z,2018-06-15T11:00:00.000000000Z,0.02599999999999625,1.15964,1.15938,69,ask,112.85900000000007
2018-06-15T12:11:00.000000000Z,2018-06-15T11:02:00.000000000Z,0.09399999999999409,1.15983,1.15889,69,ask,112.95300000000006
2018-06-15T12:20:00.000000000Z,2018-06-15T11:07:00.000000000Z,0.05499999999999261,1.15938,1.15883,73,ask,113.00800000000005
2018-06-15T12:23:00.000000000Z,2018-06-15T11:09:00.000000000Z,0.033999999999991815,1.15929,1.15895,74,ask,113.04200000000004
2018-06-15T12:26:00.000000000Z,2018-06-15T11:13:00.000000000Z,0.007999999999995566,1.15871,1.15863,73,ask,113.05000000000004
2018-06-15T12:29:00.000000000Z,2018-06-15T11:18:00.000000000Z,0.0630000000000166,1.15897,1.15834,71,ask,113.11300000000006
2018-06-15T12:32:00.000000000Z,2018-06-15T11:20:00.000000000Z,0.05100000000000193,1.15882,1.15831,72,ask,113.16400000000006
2018-06-15T12:35:00.000000000Z,2018-06-15T11:21:00.000000000Z,0.05200000000000671,1.15880,1.15828,74,ask,113.21600000000007
2018-06-15T12:39:00.000000000Z,2018-06-15T11:22:00.000000000Z,0.1430000000000149,1.15974,1.15831,77,ask,113.35900000000008
2018-06-15T12:44:00.000000000Z,2018-06-15T11:25:00.000000000Z,0.11399999999999011,1.15986,1.15872,79,ask,113.47300000000007
2018-06-15T12:47:00.000000000Z,2018-06-15T11:27:00.000000000Z,0.2079999999999984,1.16056,1.15848,80,ask,113.68100000000007
2018-06-15T12:49:00.000000000Z,2018-06-15T11:31:00.000000000Z,0.14200000000001012,1.16076,1.15934,78,ask,113.82300000000008
2018-06-15T12:52:00.000000000Z,2018-06-15T11:36:00.000000000Z,0.18299999999999272,1.16090,1.15907,76,ask,114.00600000000007
2018-06-15T12:54:00.000000000Z,2018-06-15T11:40:00.000000000Z,0.11099999999999,1.16038,1.15927,74,ask,114.11700000000006
2018-06-15T12:55:00.000000000Z,2018-06-15T11:41:00.000000000Z,0.07500000000000284,1.16050,1.15975,74,ask,114.19200000000006
2018-06-15T12:59:00.000000000Z,2018-06-15T11:42:00.000000000Z,0.07800000000000296,1.16037,1.15959,77,ask,114.27000000000007
2018-06-15T13:00:00.000000000Z,2018-06-15T11:43:00.000000000Z,0.09399999999999409,1.16063,1.15969,77,ask,114.36400000000006
2018-06-15T13:07:00.000000000Z,2018-06-15T11:45:00.000000000Z,0.13999999999998636,1.16095,1.15955,82,ask,114.50400000000005
2018-06-15T13:08:00.000000000Z,2018-06-15T11:49:00.000000000Z,0.15099999999998204,1.16079,1.15928,79,ask,114.65500000000003
2018-06-15T13:11:00.000000000Z,2018-06-15T11:52:00.000000000Z,0.10699999999998511,1.16051,1.15944,79,ask,114.76200000000001
2018-06-15T13:16:00.000000000Z,2018-06-15T11:54:00.000000000Z,0.20300000000000296,1.16175,1.15972,82,ask,114.96500000000002
2018-06-15T13:18:00.000000000Z,2018-06-15T11:55:00.000000000Z,0.25600000000001444,1.16171,1.15915,83,ask,115.22100000000003
2018-06-15T13:24:00.000000000Z,2018-06-15T12:00:00.000000000Z,0.2769999999999868,1.16203,1.15926,84,ask,115.49800000000002
2018-06-15T13:26:00.000000000Z,2018-06-15T12:02:00.000000000Z,0.21100000000001273,1.16175,1.15964,84,ask,115.70900000000003
2018-06-15T13:27:00.000000000Z,2018-06-15T12:07:00.000000000Z,0.22699999999998965,1.16200,1.15973,80,ask,115.93600000000002
2018-06-15T13:28:00.000000000Z,2018-06-15T12:10:00.000000000Z,0.24099999999999966,1.16211,1.15970,78,ask,116.17700000000002
2018-06-15T13:30:00.000000000Z,2018-06-15T12:13:00.000000000Z,0.26899999999997704,1.16220,1.15951,77,ask,116.446
2018-06-15T13:31:00.000000000Z,2018-06-15T12:15:00.000000000Z,0.2569999999999908,1.16212,1.15955,76,ask,116.70299999999999
2018-06-15T13:32:00.000000000Z,2018-06-15T12:16:00.000000000Z,0.21600000000000819,1.16174,1.15958,76,ask,116.919
2018-06-15T13:36:00.000000000Z,2018-06-15T12:17:00.000000000Z,0.21099999999999852,1.16161,1.15950,79,ask,117.13
2018-06-15T13:38:00.000000000Z,2018-06-15T12:18:00.000000000Z,0.1670000000000016,1.16113,1.15946,80,ask,117.297
2018-06-15T13:39:00.000000000Z,2018-06-15T12:21:00.000000000Z,0.18899999999999295,1.16134,1.15945,78,ask,117.48599999999999
2018-06-15T13:48:00.000000000Z,2018-06-15T12:22:00.000000000Z,0.17900000000003047,1.16104,1.15925,86,ask,117.66500000000002
2018-06-15T13:54:00.000000000Z,2018-06-15T12:24:00.000000000Z,0.20699999999999363,1.16087,1.15880,90,ask,117.87200000000001
2018-06-15T13:59:00.000000000Z,2018-06-15T12:25:00.000000000Z,0.11399999999999011,1.15994,1.15880,94,ask,117.986
2018-06-15T14:01:00.000000000Z,2018-06-15T12:30:00.000000000Z,0.1389999999999958,1.15988,1.15849,91,ask,118.125
2018-06-15T14:02:00.000000000Z,2018-06-15T12:31:00.000000000Z,0.11199999999999477,1.15992,1.15880,91,ask,118.237
2018-06-15T14:04:00.000000000Z,2018-06-15T12:33:00.000000000Z,0.19700000000000273,1.16067,1.15870,91,ask,118.434
2018-06-15T14:09:00.000000000Z,2018-06-15T12:34:00.000000000Z,0.22299999999998477,1.16103,1.15880,95,ask,118.65699999999998
2018-06-15T14:11:00.000000000Z,2018-06-15T12:37:00.000000000Z,0.21699999999999875,1.16130,1.15913,94,ask,118.87399999999998
2018-06-15T14:16:00.000000000Z,2018-06-15T12:38:00.000000000Z,0.2330000000000041,1.16174,1.15941,98,ask,119.10699999999999
2018-06-15T14:17:00.000000000Z,2018-06-15T12:42:00.000000000Z,0.20600000000000307,1.16191,1.15985,95,ask,119.31299999999999
2018-06-15T14:18:00.000000000Z,2018-06-15T12:45:00.000000000Z,0.1979999999999933,1.16183,1.15985,93,ask,119.51099999999998
2018-06-15T14:21:00.000000000Z,2018-06-15T12:46:00.000000000Z,0.20999999999999375,1.16201,1.15991,95,ask,119.72099999999998
2018-06-15T14:25:00.000000000Z,2018-06-15T12:48:00.000000000Z,0.2020000000000124,1.16226,1.16024,97,ask,119.92299999999999
2018-06-15T14:28:00.000000000Z,2018-06-15T12:50:00.000000000Z,0.14000000000001478,1.16198,1.16058,98,ask,120.063
2018-06-15T14:29:00.000000000Z,2018-06-15T12:56:00.000000000Z,0.17300000000000182,1.16190,1.16017,93,ask,120.236
2018-06-15T14:36:00.000000000Z,2018-06-15T12:57:00.000000000Z,0.15900000000000603,1.16168,1.16009,99,ask,120.39500000000001
2018-06-15T14:37:00.000000000Z,2018-06-15T12:58:00.000000000Z,0.14499999999999602,1.16176,1.16031,99,ask,120.54
2018-06-15T14:38:00.000000000Z,2018-06-15T13:01:00.000000000Z,0.10899999999999466,1.16173,1.16064,97,ask,120.649
2018-06-15T14:42:00.000000000Z,2018-06-15T13:05:00.000000000Z,0.09599999999998943,1.16203,1.16107,97,ask,120.74499999999999
2018-06-15T14:45:00.000000000Z,2018-06-15T13:06:00.000000000Z,0.10999999999998522,1.16224,1.16114,99,ask,120.85499999999998
2018-06-15T14:47:00.000000000Z,2018-06-15T13:12:00.000000000Z,0.15800000000000125,1.16202,1.16044,95,ask,121.01299999999998
2018-06-15T14:53:00.000000000Z,2018-06-15T13:13:00.000000000Z,0.19199999999999307,1.16247,1.16055,100,ask,121.20499999999997
2018-06-15T14:55:00.000000000Z,2018-06-15T13:14:00.000000000Z,0.10500000000000398,1.16198,1.16093,101,ask,121.30999999999997
2018-06-15T14:56:00.000000000Z,2018-06-15T13:17:00.000000000Z,0.06600000000001671,1.16198,1.16132,99,ask,121.37599999999999
2018-06-15T14:58:00.000000000Z,2018-06-15T13:20:00.000000000Z,-0.03900000000001569,1.16177,1.16216,98,ask,121.33699999999997
2018-06-15T15:03:00.000000000Z,2018-06-15T13:23:00.000000000Z,-0.12700000000000955,1.16116,1.16243,100,ask,121.20999999999997
2018-06-15T15:04:00.000000000Z,2018-06-15T13:25:00.000000000Z,-0.08399999999998897,1.16093,1.16177,99,ask,121.12599999999998
2018-06-15T15:05:00.000000000Z,2018-06-15T13:33:00.000000000Z,-0.0730000000000075,1.16088,1.16161,92,ask,121.05299999999997
2018-06-15T15:07:00.000000000Z,2018-06-15T13:37:00.000000000Z,-0.005000000000009663,1.16126,1.16131,90,ask,121.04799999999996
2018-06-15T15:10:00.000000000Z,2018-06-15T13:40:00.000000000Z,-0.0030000000000285354,1.16149,1.16152,90,ask,121.04499999999993
2018-06-15T15:18:00.000000000Z,2018-06-15T13:41:00.000000000Z,0.0999999999999801,1.16220,1.16120,97,ask,121.14499999999991
2018-06-15T15:23:00.000000000Z,2018-06-15T13:42:00.000000000Z,0.04800000000000182,1.16154,1.16106,101,ask,121.19299999999991
2018-06-15T15:27:00.000000000Z,2018-06-15T13:45:00.000000000Z,0.11199999999999477,1.16177,1.16065,102,ask,121.30499999999991
2018-06-15T15:30:00.000000000Z,2018-06-15T13:49:00.000000000Z,0.08500000000000796,1.16194,1.16109,101,ask,121.38999999999992
2018-06-15T15:35:00.000000000Z,2018-06-15T13:51:00.000000000Z,0.1770000000000067,1.16229,1.16052,104,ask,121.56699999999992
2018-06-15T15:38:00.000000000Z,2018-06-15T13:52:00.000000000Z,0.17300000000000182,1.16234,1.16061,106,ask,121.73999999999992
2018-06-15T15:39:00.000000000Z,2018-06-15T13:53:00.000000000Z,0.17799999999998306,1.16235,1.16057,106,ask,121.9179999999999
2018-06-15T15:40:00.000000000Z,2018-06-15T13:55:00.000000000Z,0.13500000000001933,1.16213,1.16078,105,ask,122.05299999999993
2018-06-15T15:42:00.000000000Z,2018-06-15T13:57:00.000000000Z,0.2259999999999991,1.16261,1.16035,105,ask,122.27899999999993
2018-06-15T15:46:00.000000000Z,2018-06-15T14:00:00.000000000Z,0.26899999999997704,1.16248,1.15979,106,ask,122.5479999999999
2018-06-15T15:49:00.000000000Z,2018-06-15T14:05:00.000000000Z,0.14200000000001012,1.16226,1.16084,104,ask,122.68999999999991
2018-06-15T15:52:00.000000000Z,2018-06-15T14:07:00.000000000Z,0.11800000000000921,1.16182,1.16064,105,ask,122.80799999999992
2018-06-15T15:58:00.000000000Z,2018-06-15T14:10:00.000000000Z,0.10600000000000875,1.16179,1.16073,108,ask,122.91399999999993
2018-06-15T15:59:00.000000000Z,2018-06-15T14:13:00.000000000Z,0.027000000000001023,1.16163,1.16136,106,ask,122.94099999999993
2018-06-15T16:02:00.000000000Z,2018-06-15T14:19:00.000000000Z,0.0030000000000143245,1.16162,1.16159,103,ask,122.94399999999995
2018-06-15T16:05:00.000000000Z,2018-06-15T14:20:00.000000000Z,-0.042999999999992156,1.16143,1.16186,106,ask,122.90099999999995
2018-06-15T16:13:00.000000000Z,2018-06-15T14:22:00.000000000Z,-0.14300000000000068,1.16049,1.16192,112,ask,122.75799999999995
2018-06-15T16:14:00.000000000Z,2018-06-15T14:23:00.000000000Z,-0.1629999999999825,1.16040,1.16203,112,ask,122.59499999999997
2018-06-15T16:16:00.000000000Z,2018-06-15T14:26:00.000000000Z,-0.1290000000000049,1.16089,1.16218,111,ask,122.46599999999997
2018-06-15T16:20:00.000000000Z,2018-06-15T14:43:00.000000000Z,-0.09900000000000375,1.16093,1.16192,98,ask,122.36699999999996
2018-06-15T16:23:00.000000000Z,2018-06-15T14:44:00.000000000Z,-0.12400000000000944,1.16061,1.16185,100,ask,122.24299999999995
2018-06-15T16:27:00.000000000Z,2018-06-15T14:46:00.000000000Z,-0.13400000000001455,1.16082,1.16216,102,ask,122.10899999999994
2018-06-15T16:30:00.000000000Z,2018-06-15T14:49:00.000000000Z,-0.09900000000000375,1.16065,1.16164,102,ask,122.00999999999993
2018-06-15T16:36:00.000000000Z,2018-06-15T14:52:00.000000000Z,-0.14000000000000057,1.16092,1.16232,105,ask,121.86999999999993
2018-06-15T16:47:00.000000000Z,2018-06-15T15:00:00.000000000Z,-0.10200000000000387,1.16058,1.16160,108,ask,121.76799999999993
2018-06-15T16:48:00.000000000Z,2018-06-15T15:09:00.000000000Z,-0.11599999999999966,1.16061,1.16177,100,ask,121.65199999999993
2018-06-15T16:52:00.000000000Z,2018-06-15T15:13:00.000000000Z,-0.10699999999999932,1.16052,1.16159,100,ask,121.54499999999993
2018-06-15T16:56:00.000000000Z,2018-06-15T15:14:00.000000000Z,-0.10899999999998045,1.16050,1.16159,103,ask,121.43599999999995
2018-06-15T16:57:00.000000000Z,2018-06-15T15:15:00.000000000Z,-0.11000000000001364,1.16054,1.16164,103,ask,121.32599999999994
2018-06-15T16:59:00.000000000Z,2018-06-15T15:16:00.000000000Z,-0.11000000000001364,1.16061,1.16171,104,ask,121.21599999999992
2018-06-15T17:01:00.000000000Z,2018-06-15T15:17:00.000000000Z,-0.13400000000001455,1.16054,1.16188,105,ask,121.08199999999991
2018-06-15T17:02:00.000000000Z,2018-06-15T15:28:00.000000000Z,-0.14700000000001978,1.16052,1.16199,95,ask,120.93499999999989
2018-06-15T17:11:00.000000000Z,2018-06-15T15:32:00.000000000Z,-0.12300000000000466,1.16078,1.16201,100,ask,120.81199999999988
2018-06-15T17:14:00.000000000Z,2018-06-15T15:33:00.000000000Z,-0.13100000000000023,1.16060,1.16191,102,ask,120.68099999999988
2018-06-15T17:16:00.000000000Z,2018-06-15T15:37:00.000000000Z,-0.18099999999999739,1.16048,1.16229,100,ask,120.49999999999989
2018-06-15T17:19:00.000000000Z,2018-06-15T15:47:00.000000000Z,-0.1770000000000067,1.16031,1.16208,93,ask,120.32299999999988
2018-06-15T17:20:00.000000000Z,2018-06-15T15:50:00.000000000Z,-0.1670000000000158,1.16028,1.16195,91,ask,120.15599999999986
2018-06-15T17:22:00.000000000Z,2018-06-15T15:54:00.000000000Z,-0.17800000000001148,1.16020,1.16198,89,ask,119.97799999999985
2018-06-15T17:25:00.000000000Z,2018-06-15T16:00:00.000000000Z,-0.14000000000000057,1.16024,1.16164,86,ask,119.83799999999985
2018-06-15T17:29:00.000000000Z,2018-06-15T16:03:00.000000000Z,-0.10800000000000409,1.16036,1.16144,87,ask,119.72999999999985
2018-06-15T17:33:00.000000000Z,2018-06-15T16:04:00.000000000Z,-0.08699999999998909,1.16057,1.16144,89,ask,119.64299999999986
2018-06-15T17:43:00.000000000Z,2018-06-15T16:06:00.000000000Z,-0.0660000000000025,1.16069,1.16135,97,ask,119.57699999999986
2018-06-15T17:50:00.000000000Z,2018-06-15T16:11:00.000000000Z,-0.016000000000019554,1.16064,1.16080,99,ask,119.56099999999984
2018-06-15T17:59:00.000000000Z,2018-06-15T16:12:00.000000000Z,0.045000000000001705,1.16110,1.16065,107,ask,119.60599999999984
2018-06-15T18:02:00.000000000Z,2018-06-15T16:15:00.000000000Z,0.04199999999998738,1.16105,1.16063,107,ask,119.64799999999983
2018-06-15T18:07:00.000000000Z,2018-06-15T16:21:00.000000000Z,0.014000000000010004,1.16093,1.16079,106,ask,119.66199999999984
2018-06-15T18:13:00.000000000Z,2018-06-15T16:24:00.000000000Z,0.05700000000000216,1.16117,1.16060,109,ask,119.71899999999984
2018-06-15T18:17:00.000000000Z,2018-06-15T16:25:00.000000000Z,0.060000000000002274,1.16123,1.16063,112,ask,119.77899999999984
2018-06-15T18:18:00.000000000Z,2018-06-15T16:28:00.000000000Z,0.07799999999998875,1.16131,1.16053,110,ask,119.85699999999983
2018-06-15T18:20:00.000000000Z,2018-06-15T16:31:00.000000000Z,0.07399999999999807,1.16139,1.16065,109,ask,119.93099999999983
2018-06-15T18:22:00.000000000Z,2018-06-15T16:33:00.000000000Z,0.05100000000000193,1.16109,1.16058,109,ask,119.98199999999983
2018-06-15T18:26:00.000000000Z,2018-06-15T16:34:00.000000000Z,0.03899999999998727,1.16099,1.16060,112,ask,120.02099999999982
2018-06-15T18:27:00.000000000Z,2018-06-15T16:43:00.000000000Z,0.007000000000005002,1.16088,1.16081,104,ask,120.02799999999982
2018-06-15T18:28:00.000000000Z,2018-06-15T16:44:00.000000000Z,-0.005000000000009663,1.16079,1.16084,104,ask,120.02299999999981
2018-06-15T18:29:00.000000000Z,2018-06-15T16:45:00.000000000Z,0.01999999999999602,1.16089,1.16069,104,ask,120.04299999999981
2018-06-15T18:31:00.000000000Z,2018-06-15T16:46:00.000000000Z,0.05500000000000682,1.16106,1.16051,105,ask,120.09799999999981
2018-06-15T18:37:00.000000000Z,2018-06-15T16:49:00.000000000Z,0.09599999999997522,1.16122,1.16026,108,ask,120.19399999999979
2018-06-15T18:38:00.000000000Z,2018-06-15T16:58:00.000000000Z,0.05899999999998329,1.16109,1.16050,100,ask,120.25299999999977
2018-06-15T18:43:00.000000000Z,2018-06-15T17:00:00.000000000Z,0.04200000000000159,1.16090,1.16048,103,ask,120.29499999999977
2018-06-15T18:45:00.000000000Z,2018-06-15T17:04:00.000000000Z,0.04899999999999238,1.16092,1.16043,101,ask,120.34399999999977
2018-06-15T18:50:00.000000000Z,2018-06-15T17:05:00.000000000Z,0.04999999999999716,1.16100,1.16050,105,ask,120.39399999999976
2018-06-15T18:51:00.000000000Z,2018-06-15T17:06:00.000000000Z,0.049000000000020805,1.16101,1.16052,105,ask,120.44299999999978
2018-06-15T18:59:00.000000000Z,2018-06-15T17:07:00.000000000Z,0.021000000000000796,1.16065,1.16044,112,ask,120.46399999999979
2018-06-15T19:01:00.000000000Z,2018-06-15T17:10:00.000000000Z,0.06399999999999295,1.16122,1.16058,111,ask,120.52799999999978
2018-06-15T19:02:00.000000000Z,2018-06-15T17:13:00.000000000Z,0.07100000000001216,1.16127,1.16056,109,ask,120.59899999999979
2018-06-15T19:04:00.000000000Z,2018-06-15T17:15:00.000000000Z,0.11699999999999022,1.16153,1.16036,109,ask,120.71599999999978
2018-06-15T19:14:00.000000000Z,2018-06-15T17:17:00.000000000Z,0.0379999999999967,1.16075,1.16037,117,ask,120.75399999999978
2018-06-15T19:23:00.000000000Z,2018-06-15T17:18:00.000000000Z,0.018000000000000682,1.16055,1.16037,125,ask,120.77199999999978
2018-06-15T19:27:00.000000000Z,2018-06-15T17:21:00.000000000Z,0.045000000000001705,1.16059,1.16014,126,ask,120.81699999999978
2018-06-15T19:29:00.000000000Z,2018-06-15T17:23:00.000000000Z,0.056000000000011596,1.16056,1.16000,126,ask,120.87299999999979
2018-06-15T19:31:00.000000000Z,2018-06-15T17:24:00.000000000Z,0.08500000000000796,1.16085,1.16000,127,ask,120.9579999999998
2018-06-15T19:34:00.000000000Z,2018-06-15T17:26:00.000000000Z,0.10900000000000887,1.16124,1.16015,128,ask,121.06699999999981
2018-06-15T19:43:00.000000000Z,2018-06-15T17:28:00.000000000Z,0.0870000000000033,1.16111,1.16024,133,ask,121.15399999999981
2018-06-15T19:46:00.000000000Z,2018-06-15T17:31:00.000000000Z,0.06799999999998363,1.16108,1.16040,133,ask,121.2219999999998
2018-06-15T19:58:00.000000000Z,2018-06-15T17:32:00.000000000Z,0.07299999999999329,1.16123,1.16050,143,ask,121.29499999999979
2018-06-15T20:03:00.000000000Z,2018-06-15T17:34:00.000000000Z,0.046999999999997044,1.16100,1.16053,146,ask,121.34199999999979
2018-06-15T20:04:00.000000000Z,2018-06-15T17:35:00.000000000Z,0.03499999999998238,1.16098,1.16063,146,ask,121.37699999999977
2018-06-15T20:05:00.000000000Z,2018-06-15T17:37:00.000000000Z,0.05500000000000682,1.16102,1.16047,145,ask,121.43199999999977
2018-06-15T20:06:00.000000000Z,2018-06-15T17:40:00.000000000Z,0.026999999999986812,1.16099,1.16072,143,ask,121.45899999999976
2018-06-15T20:09:00.000000000Z,2018-06-15T17:47:00.000000000Z,0.05700000000000216,1.16096,1.16039,139,ask,121.51599999999976
2018-06-15T20:13:00.000000000Z,2018-06-15T17:49:00.000000000Z,0.03700000000000614,1.16097,1.16060,141,ask,121.55299999999977
2018-06-15T20:15:00.000000000Z,2018-06-15T17:51:00.000000000Z,0.027000000000001023,1.16087,1.16060,141,ask,121.57999999999977
2018-06-15T20:21:00.000000000Z,2018-06-15T17:53:00.000000000Z,0.025000000000005684,1.16093,1.16068,145,ask,121.60499999999978
2018-06-15T20:22:00.000000000Z,2018-06-15T17:54:00.000000000Z,0.02600000000001046,1.16094,1.16068,145,ask,121.63099999999979
2018-06-15T20:25:00.000000000Z,2018-06-15T17:57:00.000000000Z,0.007000000000005002,1.16100,1.16093,144,ask,121.63799999999979
2018-06-15T20:27:00.000000000Z,2018-06-15T17:58:00.000000000Z,-0.012000000000000455,1.16083,1.16095,145,ask,121.62599999999979
2018-06-15T20:34:00.000000000Z,2018-06-15T18:04:00.000000000Z,0.0010000000000047748,1.16091,1.16090,146,ask,121.6269999999998
2018-06-15T20:40:00.000000000Z,2018-06-15T18:06:00.000000000Z,0.012000000000014666,1.16094,1.16082,148,ask,121.63899999999981
2018-06-15T20:54:00.000000000Z,2018-06-15T18:08:00.000000000Z,-0.02400000000000091,1.16077,1.16101,160,ask,121.61499999999981
2018-06-15T20:55:00.000000000Z,2018-06-15T18:09:00.000000000Z,-0.018000000000000682,1.16100,1.16118,160,ask,121.59699999999981
