2018-04-23 00:00,107.81
2018-04-23 00:01,107.816
2018-04-23 00:02,107.82
2018-04-23 00:03,107.819
2018-04-23 00:04,107.826
2018-04-23 00:05,107.818
2018-04-23 00:06,107.825
2018-04-23 00:07,107.823
2018-04-23 00:08,107.831
2018-04-23 00:09,107.83
2018-04-23 00:10,107.83
2018-04-23 00:11,107.806
2018-04-23 00:12,107.805
2018-04-23 00:13,107.793
2018-04-23 00:14,107.79
2018-04-23 00:15,107.801
2018-04-23 00:16,107.803
2018-04-23 00:17,107.801
2018-04-23 00:18,107.801
2018-04-23 00:19,107.796
2018-04-23 00:20,107.803
2018-04-23 00:21,107.801
2018-04-23 00:22,107.802
2018-04-23 00:23,107.801
2018-04-23 00:24,107.803
2018-04-23 00:25,107.803
2018-04-23 00:26,107.811
2018-04-23 00:27,107.807
2018-04-23 00:28,107.808
2018-04-23 00:29,107.796
2018-04-23 00:30,107.799
2018-04-23 00:31,107.806
2018-04-23 00:32,107.819
2018-04-23 00:33,107.802
2018-04-23 00:34,107.803
2018-04-23 00:35,107.798
2018-04-23 00:36,107.808
2018-04-23 00:37,107.808
2018-04-23 00:38,107.824
2018-04-23 00:39,107.818
2018-04-23 00:40,107.82
2018-04-23 00:41,107.818
2018-04-23 00:42,107.811
2018-04-23 00:43,107.812
2018-04-23 00:44,107.808
2018-04-23 00:45,107.806
2018-04-23 00:46,107.81
2018-04-23 00:47,107.813
2018-04-23 00:48,107.82
2018-04-23 00:49,107.817
2018-04-23 00:50,107.81
2018-04-23 00:51,107.814
2018-04-23 00:52,107.801
2018-04-23 00:53,107.804
2018-04-23 00:54,107.81
2018-04-23 00:55,107.79
2018-04-23 00:56,107.797
2018-04-23 00:57,107.805
2018-04-23 00:58,107.804
2018-04-23 00:59,107.812
2018-04-23 01:00,107.806
2018-04-23 01:01,107.806
2018-04-23 01:02,107.81
2018-04-23 01:03,107.812
2018-04-23 01:04,107.8
2018-04-23 01:05,107.807
2018-04-23 01:06,107.799
2018-04-23 01:07,107.797
2018-04-23 01:08,107.797
2018-04-23 01:09,107.802
2018-04-23 01:10,107.797
2018-04-23 01:11,107.795
2018-04-23 01:12,107.797
2018-04-23 01:13,107.789
2018-04-23 01:14,107.794
2018-04-23 01:15,107.788
2018-04-23 01:16,107.79
2018-04-23 01:17,107.789
2018-04-23 01:18,107.801
2018-04-23 01:19,107.804
2018-04-23 01:20,107.802
2018-04-23 01:21,107.789
2018-04-23 01:22,107.802
2018-04-23 01:23,107.806
2018-04-23 01:24,107.801
2018-04-23 01:25,107.805
2018-04-23 01:26,107.796
2018-04-23 01:27,107.788
2018-04-23 01:28,107.796
2018-04-23 01:29,107.79
2018-04-23 01:30,107.789
2018-04-23 01:31,107.784
2018-04-23 01:32,107.789
2018-04-23 01:33,107.785
2018-04-23 01:34,107.783
2018-04-23 01:35,107.784
2018-04-23 01:36,107.787
2018-04-23 01:37,107.79
2018-04-23 01:38,107.784
2018-04-23 01:39,107.785
2018-04-23 01:40,107.783
2018-04-23 01:41,107.784
2018-04-23 01:42,107.786
2018-04-23 01:43,107.789
2018-04-23 01:44,107.787
2018-04-23 01:45,107.806
2018-04-23 01:46,107.82
2018-04-23 01:47,107.822
2018-04-23 01:48,107.816
2018-04-23 01:49,107.811
2018-04-23 01:50,107.812
2018-04-23 01:51,107.816
2018-04-23 01:52,107.811
2018-04-23 01:53,107.816
2018-04-23 01:54,107.812
2018-04-23 01:55,107.818
2018-04-23 01:56,107.807
2018-04-23 01:57,107.8
2018-04-23 01:58,107.807
2018-04-23 01:59,107.803
2018-04-23 02:00,107.803
2018-04-23 02:01,107.799
2018-04-23 02:02,107.795
2018-04-23 02:03,107.796
2018-04-23 02:04,107.801
2018-04-23 02:05,107.82
2018-04-23 02:06,107.824
2018-04-23 02:07,107.823
2018-04-23 02:08,107.822
2018-04-23 02:09,107.824
2018-04-23 02:10,107.826
2018-04-23 02:11,107.817
2018-04-23 02:12,107.82
2018-04-23 02:13,107.821
2018-04-23 02:14,107.843
2018-04-23 02:15,107.82
2018-04-23 02:16,107.815
2018-04-23 02:17,107.817
2018-04-23 02:18,107.823
2018-04-23 02:19,107.837
2018-04-23 02:20,107.837
2018-04-23 02:21,107.84
2018-04-23 02:22,107.838
2018-04-23 02:23,107.845
2018-04-23 02:24,107.848
2018-04-23 02:25,107.851
2018-04-23 02:26,107.859
2018-04-23 02:27,107.866
2018-04-23 02:28,107.857
2018-04-23 02:29,107.851
2018-04-23 02:30,107.851
2018-04-23 02:31,107.843
2018-04-23 02:32,107.831
2018-04-23 02:33,107.84
2018-04-23 02:34,107.849
2018-04-23 02:35,107.836
2018-04-23 02:36,107.834
2018-04-23 02:37,107.83
2018-04-23 02:38,107.84
2018-04-23 02:39,107.845
2018-04-23 02:40,107.847
2018-04-23 02:41,107.841
2018-04-23 02:42,107.837
2018-04-23 02:43,107.837
2018-04-23 02:44,107.832
2018-04-23 02:45,107.84
2018-04-23 02:46,107.842
2018-04-23 02:47,107.831
2018-04-23 02:48,107.828
2018-04-23 02:49,107.822
2018-04-23 02:50,107.838
2018-04-23 02:51,107.835
2018-04-23 02:52,107.826
2018-04-23 02:53,107.822
2018-04-23 02:54,107.82
2018-04-23 02:55,107.805
2018-04-23 02:56,107.804
2018-04-23 02:57,107.814
2018-04-23 02:58,107.825
2018-04-23 02:59,107.824
2018-04-23 03:00,107.841
2018-04-23 03:01,107.848
2018-04-23 03:02,107.884
2018-04-23 03:03,107.86
2018-04-23 03:04,107.857
2018-04-23 03:05,107.844
2018-04-23 03:06,107.843
2018-04-23 03:07,107.855
2018-04-23 03:08,107.849
2018-04-23 03:09,107.855
2018-04-23 03:10,107.845
2018-04-23 03:11,107.851
2018-04-23 03:12,107.856
2018-04-23 03:13,107.867
2018-04-23 03:14,107.866
2018-04-23 03:15,107.862
2018-04-23 03:16,107.836
2018-04-23 03:17,107.84
2018-04-23 03:18,107.855
2018-04-23 03:19,107.86
2018-04-23 03:20,107.878
2018-04-23 03:21,107.911
2018-04-23 03:22,107.912
2018-04-23 03:23,107.915
2018-04-23 03:24,107.924
2018-04-23 03:25,107.932
2018-04-23 03:26,107.92
2018-04-23 03:27,107.904
2018-04-23 03:28,107.896
2018-04-23 03:29,107.887
2018-04-23 03:30,107.89
2018-04-23 03:31,107.901
2018-04-23 03:32,107.918
2018-04-23 03:33,107.928
2018-04-23 03:34,107.922
2018-04-23 03:35,107.921
2018-04-23 03:36,107.916
2018-04-23 03:37,107.902
2018-04-23 03:38,107.899
2018-04-23 03:39,107.91
2018-04-23 03:40,107.918
2018-04-23 03:41,107.913
2018-04-23 03:42,107.91
2018-04-23 03:43,107.915
2018-04-23 03:44,107.903
2018-04-23 03:45,107.901
2018-04-23 03:46,107.889
2018-04-23 03:47,107.888
2018-04-23 03:48,107.891
2018-04-23 03:49,107.881
2018-04-23 03:50,107.893
2018-04-23 03:51,107.881
2018-04-23 03:52,107.873
2018-04-23 03:53,107.874
2018-04-23 03:54,107.865
2018-04-23 03:55,107.864
2018-04-23 03:56,107.848
2018-04-23 03:57,107.856
2018-04-23 03:58,107.872
2018-04-23 03:59,107.902
2018-04-23 04:00,107.912
2018-04-23 04:01,107.903
2018-04-23 04:02,107.917
2018-04-23 04:03,107.921
2018-04-23 04:04,107.932
2018-04-23 04:05,107.93
2018-04-23 04:06,107.903
2018-04-23 04:07,107.922
2018-04-23 04:08,107.933
2018-04-23 04:09,107.934
2018-04-23 04:10,107.935
2018-04-23 04:11,107.925
2018-04-23 04:12,107.89
2018-04-23 04:13,107.89
2018-04-23 04:14,107.896
2018-04-23 04:15,107.899
2018-04-23 04:16,107.904
2018-04-23 04:17,107.895
2018-04-23 04:18,107.874
2018-04-23 04:19,107.88
2018-04-23 04:20,107.884
2018-04-23 04:21,107.891
2018-04-23 04:22,107.888
2018-04-23 04:23,107.88
2018-04-23 04:24,107.866
2018-04-23 04:25,107.863
2018-04-23 04:26,107.867
2018-04-23 04:27,107.884
2018-04-23 04:28,107.876
2018-04-23 04:29,107.866
2018-04-23 04:30,107.867
2018-04-23 04:31,107.869
2018-04-23 04:32,107.87
2018-04-23 04:33,107.869
2018-04-23 04:34,107.873
2018-04-23 04:35,107.879
2018-04-23 04:36,107.898
2018-04-23 04:37,107.914
2018-04-23 04:38,107.927
2018-04-23 04:39,107.931
2018-04-23 04:40,107.929
2018-04-23 04:41,107.922
2018-04-23 04:42,107.926
2018-04-23 04:43,107.935
2018-04-23 04:44,107.944
2018-04-23 04:45,107.948
2018-04-23 04:46,107.935
2018-04-23 04:47,107.944
2018-04-23 04:48,107.931
2018-04-23 04:49,107.933
2018-04-23 04:50,107.944
2018-04-23 04:51,107.953
2018-04-23 04:52,107.961
2018-04-23 04:53,107.96
2018-04-23 04:54,107.96
2018-04-23 04:55,107.962
2018-04-23 04:56,107.971
2018-04-23 04:57,107.976
2018-04-23 04:58,107.981
2018-04-23 04:59,107.993
2018-04-23 05:00,108.0
2018-04-23 05:01,108.018
2018-04-23 05:02,108.033
2018-04-23 05:03,108.029
2018-04-23 05:04,108.016
2018-04-23 05:05,108.017
2018-04-23 05:06,108.036
2018-04-23 05:07,108.026
2018-04-23 05:08,108.038
2018-04-23 05:09,108.036
2018-04-23 05:10,108.037
2018-04-23 05:11,108.031
2018-04-23 05:12,108.027
2018-04-23 05:13,108.02
2018-04-23 05:14,108.014
2018-04-23 05:15,108.022
2018-04-23 05:16,108.032
2018-04-23 05:17,108.027
2018-04-23 05:18,108.042
2018-04-23 05:19,108.04
2018-04-23 05:20,108.04
2018-04-23 05:21,108.038
2018-04-23 05:22,108.049
2018-04-23 05:23,108.062
2018-04-23 05:24,108.081
2018-04-23 05:25,108.089
2018-04-23 05:26,108.089
2018-04-23 05:27,108.09
2018-04-23 05:28,108.094
2018-04-23 05:29,108.095
2018-04-23 05:30,108.102
2018-04-23 05:31,108.097
2018-04-23 05:32,108.093
2018-04-23 05:33,108.086
2018-04-23 05:34,108.093
2018-04-23 05:35,108.094
2018-04-23 05:36,108.099
2018-04-23 05:37,108.12
2018-04-23 05:38,108.142
2018-04-23 05:39,108.161
2018-04-23 05:40,108.169
2018-04-23 05:41,108.174
2018-04-23 05:42,108.181
2018-04-23 05:43,108.182
2018-04-23 05:44,108.184
2018-04-23 05:45,108.197
2018-04-23 05:46,108.201
2018-04-23 05:47,108.194
2018-04-23 05:48,108.191
2018-04-23 05:49,108.232
2018-04-23 05:50,108.224
2018-04-23 05:51,108.235
2018-04-23 05:52,108.241
2018-04-23 05:53,108.231
2018-04-23 05:54,108.22
2018-04-23 05:55,108.212
2018-04-23 05:56,108.21
2018-04-23 05:57,108.205
2018-04-23 05:58,108.209
2018-04-23 05:59,108.198
2018-04-23 06:00,108.198
2018-04-23 06:01,108.22
2018-04-23 06:02,108.218
2018-04-23 06:03,108.271
2018-04-23 06:04,108.272
2018-04-23 06:05,108.256
2018-04-23 06:06,108.255
2018-04-23 06:07,108.24
2018-04-23 06:08,108.242
2018-04-23 06:09,108.243
2018-04-23 06:10,108.25
2018-04-23 06:11,108.24
2018-04-23 06:12,108.236
2018-04-23 06:13,108.23
2018-04-23 06:14,108.229
2018-04-23 06:15,108.238
2018-04-23 06:16,108.243
2018-04-23 06:17,108.248
2018-04-23 06:18,108.233
2018-04-23 06:19,108.237
2018-04-23 06:20,108.235
2018-04-23 06:21,108.233
2018-04-23 06:22,108.228
2018-04-23 06:23,108.234
2018-04-23 06:24,108.222
2018-04-23 06:25,108.21
2018-04-23 06:26,108.209
2018-04-23 06:27,108.19
2018-04-23 06:28,108.182
2018-04-23 06:29,108.185
2018-04-23 06:30,108.192
2018-04-23 06:31,108.193
2018-04-23 06:32,108.181
2018-04-23 06:33,108.176
2018-04-23 06:34,108.183
2018-04-23 06:35,108.195
2018-04-23 06:36,108.193
2018-04-23 06:37,108.188
2018-04-23 06:38,108.175
2018-04-23 06:39,108.176
2018-04-23 06:40,108.17
2018-04-23 06:41,108.179
2018-04-23 06:42,108.182
2018-04-23 06:43,108.184
2018-04-23 06:44,108.196
2018-04-23 06:45,108.197
2018-04-23 06:46,108.199
2018-04-23 06:47,108.213
2018-04-23 06:48,108.197
2018-04-23 06:49,108.2
2018-04-23 06:50,108.194
2018-04-23 06:51,108.203
2018-04-23 06:52,108.21
2018-04-23 06:53,108.211
2018-04-23 06:54,108.205
2018-04-23 06:55,108.208
2018-04-23 06:56,108.216
2018-04-23 06:57,108.209
2018-04-23 06:58,108.205
2018-04-23 06:59,108.206
2018-04-23 07:00,108.219
2018-04-23 07:01,108.234
2018-04-23 07:02,108.233
2018-04-23 07:03,108.257
2018-04-23 07:04,108.269
2018-04-23 07:05,108.271
2018-04-23 07:06,108.268
2018-04-23 07:07,108.258
2018-04-23 07:08,108.259
2018-04-23 07:09,108.258
2018-04-23 07:10,108.255
2018-04-23 07:11,108.266
2018-04-23 07:12,108.257
2018-04-23 07:13,108.247
2018-04-23 07:14,108.239
2018-04-23 07:15,108.246
2018-04-23 07:16,108.242
2018-04-23 07:17,108.238
2018-04-23 07:18,108.235
2018-04-23 07:19,108.229
2018-04-23 07:20,108.243
2018-04-23 07:21,108.24
2018-04-23 07:22,108.237
2018-04-23 07:23,108.237
2018-04-23 07:24,108.231
2018-04-23 07:25,108.226
2018-04-23 07:26,108.228
2018-04-23 07:27,108.225
2018-04-23 07:28,108.233
2018-04-23 07:29,108.225
2018-04-23 07:30,108.226
2018-04-23 07:31,108.236
2018-04-23 07:32,108.226
2018-04-23 07:33,108.215
2018-04-23 07:34,108.227
2018-04-23 07:35,108.218
2018-04-23 07:36,108.222
2018-04-23 07:37,108.22
2018-04-23 07:38,108.217
2018-04-23 07:39,108.215
2018-04-23 07:40,108.219
2018-04-23 07:41,108.217
2018-04-23 07:42,108.221
2018-04-23 07:43,108.224
2018-04-23 07:44,108.216
2018-04-23 07:45,108.208
2018-04-23 07:46,108.194
2018-04-23 07:47,108.192
2018-04-23 07:48,108.192
2018-04-23 07:49,108.2
2018-04-23 07:50,108.204
2018-04-23 07:51,108.203
2018-04-23 07:52,108.196
2018-04-23 07:53,108.184
2018-04-23 07:54,108.178
2018-04-23 07:55,108.179
2018-04-23 07:56,108.175
2018-04-23 07:57,108.173
2018-04-23 07:58,108.17
2018-04-23 07:59,108.174
2018-04-23 08:00,108.168
2018-04-23 08:01,108.182
2018-04-23 08:02,108.14
2018-04-23 08:03,108.15
2018-04-23 08:04,108.159
2018-04-23 08:05,108.17
2018-04-23 08:06,108.18
2018-04-23 08:07,108.175
2018-04-23 08:08,108.169
2018-04-23 08:09,108.169
2018-04-23 08:10,108.163
2018-04-23 08:11,108.147
2018-04-23 08:12,108.164
2018-04-23 08:13,108.172
2018-04-23 08:14,108.174
2018-04-23 08:15,108.169
2018-04-23 08:16,108.166
2018-04-23 08:17,108.152
2018-04-23 08:18,108.147
2018-04-23 08:19,108.151
2018-04-23 08:20,108.179
2018-04-23 08:21,108.154
2018-04-23 08:22,108.147
2018-04-23 08:23,108.142
2018-04-23 08:24,108.143
2018-04-23 08:25,108.147
2018-04-23 08:26,108.157
2018-04-23 08:27,108.145
2018-04-23 08:28,108.168
2018-04-23 08:29,108.163
2018-04-23 08:30,108.171
2018-04-23 08:31,108.178
2018-04-23 08:32,108.183
2018-04-23 08:33,108.178
2018-04-23 08:34,108.183
2018-04-23 08:35,108.18
2018-04-23 08:36,108.185
2018-04-23 08:37,108.174
2018-04-23 08:38,108.176
2018-04-23 08:39,108.185
2018-04-23 08:40,108.22
2018-04-23 08:41,108.22
2018-04-23 08:42,108.214
2018-04-23 08:43,108.231
2018-04-23 08:44,108.241
2018-04-23 08:45,108.251
2018-04-23 08:46,108.247
2018-04-23 08:47,108.237
2018-04-23 08:48,108.226
2018-04-23 08:49,108.221
2018-04-23 08:50,108.221
2018-04-23 08:51,108.221
2018-04-23 08:52,108.219
2018-04-23 08:53,108.235
2018-04-23 08:54,108.215
2018-04-23 08:55,108.218
2018-04-23 08:56,108.218
2018-04-23 08:57,108.221
2018-04-23 08:58,108.227
2018-04-23 08:59,108.218
2018-04-23 09:00,108.211
2018-04-23 09:01,108.211
2018-04-23 09:02,108.201
2018-04-23 09:03,108.2
2018-04-23 09:04,108.191
2018-04-23 09:05,108.174
2018-04-23 09:06,108.181
2018-04-23 09:07,108.2
2018-04-23 09:08,108.197
2018-04-23 09:09,108.195
2018-04-23 09:10,108.194
2018-04-23 09:11,108.203
2018-04-23 09:12,108.205
2018-04-23 09:13,108.233
2018-04-23 09:14,108.235
2018-04-23 09:15,108.228
2018-04-23 09:16,108.226
2018-04-23 09:17,108.242
2018-04-23 09:18,108.24
2018-04-23 09:19,108.226
2018-04-23 09:20,108.233
2018-04-23 09:21,108.236
2018-04-23 09:22,108.232
2018-04-23 09:23,108.221
2018-04-23 09:24,108.216
2018-04-23 09:25,108.235
2018-04-23 09:26,108.237
2018-04-23 09:27,108.244
2018-04-23 09:28,108.24
2018-04-23 09:29,108.248
2018-04-23 09:30,108.263
2018-04-23 09:31,108.253
2018-04-23 09:32,108.259
2018-04-23 09:33,108.259
2018-04-23 09:34,108.25
2018-04-23 09:35,108.261
2018-04-23 09:36,108.262
2018-04-23 09:37,108.25
2018-04-23 09:38,108.255
2018-04-23 09:39,108.249
2018-04-23 09:40,108.249
2018-04-23 09:41,108.244
2018-04-23 09:42,108.227
2018-04-23 09:43,108.23
2018-04-23 09:44,108.235
2018-04-23 09:45,108.239
2018-04-23 09:46,108.253
2018-04-23 09:47,108.267
2018-04-23 09:48,108.317
2018-04-23 09:49,108.327
2018-04-23 09:50,108.33
2018-04-23 09:51,108.331
2018-04-23 09:52,108.32
2018-04-23 09:53,108.331
2018-04-23 09:54,108.32
2018-04-23 09:55,108.341
2018-04-23 09:56,108.354
2018-04-23 09:57,108.347
2018-04-23 09:58,108.358
2018-04-23 09:59,108.378
2018-04-23 10:00,108.374
2018-04-23 10:01,108.381
2018-04-23 10:02,108.395
2018-04-23 10:03,108.399
2018-04-23 10:04,108.417
2018-04-23 10:05,108.419
2018-04-23 10:06,108.438
2018-04-23 10:07,108.44
2018-04-23 10:08,108.439
2018-04-23 10:09,108.443
2018-04-23 10:10,108.44
2018-04-23 10:11,108.44
2018-04-23 10:12,108.43
2018-04-23 10:13,108.433
2018-04-23 10:14,108.434
2018-04-23 10:15,108.433
2018-04-23 10:16,108.431
2018-04-23 10:17,108.432
2018-04-23 10:18,108.434
2018-04-23 10:19,108.432
2018-04-23 10:20,108.449
2018-04-23 10:21,108.449
2018-04-23 10:22,108.436
2018-04-23 10:23,108.435
2018-04-23 10:24,108.444
2018-04-23 10:25,108.441
2018-04-23 10:26,108.436
2018-04-23 10:27,108.43
2018-04-23 10:28,108.421
2018-04-23 10:29,108.414
2018-04-23 10:30,108.42
2018-04-23 10:31,108.412
2018-04-23 10:32,108.406
2018-04-23 10:33,108.425
2018-04-23 10:34,108.419
2018-04-23 10:35,108.442
2018-04-23 10:36,108.426
2018-04-23 10:37,108.404
2018-04-23 10:38,108.385
2018-04-23 10:39,108.381
2018-04-23 10:40,108.388
2018-04-23 10:41,108.418
2018-04-23 10:42,108.402
2018-04-23 10:43,108.395
2018-04-23 10:44,108.403
2018-04-23 10:45,108.415
2018-04-23 10:46,108.404
2018-04-23 10:47,108.397
2018-04-23 10:48,108.411
2018-04-23 10:49,108.433
2018-04-23 10:50,108.429
2018-04-23 10:51,108.423
2018-04-23 10:52,108.424
2018-04-23 10:53,108.43
2018-04-23 10:54,108.421
2018-04-23 10:55,108.426
2018-04-23 10:56,108.458
2018-04-23 10:57,108.473
2018-04-23 10:58,108.478
2018-04-23 10:59,108.457
2018-04-23 11:00,108.448
2018-04-23 11:01,108.465
2018-04-23 11:02,108.443
2018-04-23 11:03,108.434
2018-04-23 11:04,108.433
2018-04-23 11:05,108.45
2018-04-23 11:06,108.461
2018-04-23 11:07,108.46
2018-04-23 11:08,108.442
2018-04-23 11:09,108.464
2018-04-23 11:10,108.482
2018-04-23 11:11,108.478
2018-04-23 11:12,108.485
2018-04-23 11:13,108.491
2018-04-23 11:14,108.482
2018-04-23 11:15,108.482
2018-04-23 11:16,108.493
2018-04-23 11:17,108.486
2018-04-23 11:18,108.477
2018-04-23 11:19,108.473
2018-04-23 11:20,108.482
2018-04-23 11:21,108.532
2018-04-23 11:22,108.541
2018-04-23 11:23,108.552
2018-04-23 11:24,108.551
2018-04-23 11:25,108.555
2018-04-23 11:26,108.562
2018-04-23 11:27,108.556
2018-04-23 11:28,108.539
2018-04-23 11:29,108.556
2018-04-23 11:30,108.563
2018-04-23 11:31,108.551
2018-04-23 11:32,108.56
2018-04-23 11:33,108.556
2018-04-23 11:34,108.566
2018-04-23 11:35,108.554
2018-04-23 11:36,108.548
2018-04-23 11:37,108.559
2018-04-23 11:38,108.561
2018-04-23 11:39,108.57
2018-04-23 11:40,108.576
2018-04-23 11:41,108.573
2018-04-23 11:42,108.569
2018-04-23 11:43,108.578
2018-04-23 11:44,108.57
2018-04-23 11:45,108.57
2018-04-23 11:46,108.576
2018-04-23 11:47,108.58
2018-04-23 11:48,108.576
2018-04-23 11:49,108.558
2018-04-23 11:50,108.558
2018-04-23 11:51,108.557
2018-04-23 11:52,108.559
2018-04-23 11:53,108.571
2018-04-23 11:54,108.605
2018-04-23 11:55,108.618
2018-04-23 11:56,108.612
2018-04-23 11:57,108.627
2018-04-23 11:58,108.627
2018-04-23 11:59,108.625
2018-04-23 12:00,108.623
2018-04-23 12:01,108.609
2018-04-23 12:02,108.603
2018-04-23 12:03,108.609
2018-04-23 12:04,108.603
2018-04-23 12:05,108.596
2018-04-23 12:06,108.613
2018-04-23 12:07,108.601
2018-04-23 12:08,108.591
2018-04-23 12:09,108.59
2018-04-23 12:10,108.591
2018-04-23 12:11,108.592
2018-04-23 12:12,108.589
2018-04-23 12:13,108.584
2018-04-23 12:14,108.586
2018-04-23 12:15,108.589
2018-04-23 12:16,108.588
2018-04-23 12:17,108.594
2018-04-23 12:18,108.599
2018-04-23 12:19,108.604
2018-04-23 12:20,108.599
2018-04-23 12:21,108.614
2018-04-23 12:22,108.629
2018-04-23 12:23,108.629
2018-04-23 12:24,108.629
2018-04-23 12:25,108.63
2018-04-23 12:26,108.624
2018-04-23 12:27,108.627
2018-04-23 12:28,108.642
2018-04-23 12:29,108.643
2018-04-23 12:30,108.649
2018-04-23 12:31,108.643
2018-04-23 12:32,108.631
2018-04-23 12:33,108.647
2018-04-23 12:34,108.638
2018-04-23 12:35,108.644
2018-04-23 12:36,108.64
2018-04-23 12:37,108.646
2018-04-23 12:38,108.641
2018-04-23 12:39,108.648
2018-04-23 12:40,108.647
2018-04-23 12:41,108.649
2018-04-23 12:42,108.641
2018-04-23 12:43,108.638
2018-04-23 12:44,108.666
2018-04-23 12:45,108.661
2018-04-23 12:46,108.668
2018-04-23 12:47,108.669
2018-04-23 12:48,108.669
2018-04-23 12:49,108.678
2018-04-23 12:50,108.676
2018-04-23 12:51,108.688
2018-04-23 12:52,108.703
2018-04-23 12:53,108.703
2018-04-23 12:54,108.697
2018-04-23 12:55,108.683
2018-04-23 12:56,108.672
2018-04-23 12:57,108.659
2018-04-23 12:58,108.652
2018-04-23 12:59,108.65
2018-04-23 13:00,108.646
2018-04-23 13:01,108.647
2018-04-23 13:02,108.648
2018-04-23 13:03,108.654
2018-04-23 13:04,108.652
2018-04-23 13:05,108.649
2018-04-23 13:06,108.629
2018-04-23 13:07,108.646
2018-04-23 13:08,108.645
2018-04-23 13:09,108.642
2018-04-23 13:10,108.646
2018-04-23 13:11,108.654
2018-04-23 13:12,108.664
2018-04-23 13:13,108.673
2018-04-23 13:14,108.688
2018-04-23 13:15,108.685
2018-04-23 13:16,108.684
2018-04-23 13:17,108.676
2018-04-23 13:18,108.659
2018-04-23 13:19,108.646
2018-04-23 13:20,108.662
2018-04-23 13:21,108.657
2018-04-23 13:22,108.66
2018-04-23 13:23,108.658
2018-04-23 13:24,108.673
2018-04-23 13:25,108.677
2018-04-23 13:26,108.674
2018-04-23 13:27,108.676
2018-04-23 13:28,108.682
2018-04-23 13:29,108.677
2018-04-23 13:30,108.671
2018-04-23 13:31,108.67
2018-04-23 13:32,108.672
2018-04-23 13:33,108.673
2018-04-23 13:34,108.678
2018-04-23 13:35,108.676
2018-04-23 13:36,108.678
2018-04-23 13:37,108.674
2018-04-23 13:38,108.674
2018-04-23 13:39,108.676
2018-04-23 13:40,108.679
2018-04-23 13:41,108.676
2018-04-23 13:42,108.685
2018-04-23 13:43,108.688
2018-04-23 13:44,108.681
2018-04-23 13:45,108.682
2018-04-23 13:46,108.691
2018-04-23 13:47,108.705
2018-04-23 13:48,108.711
2018-04-23 13:49,108.716
2018-04-23 13:50,108.713
2018-04-23 13:51,108.719
2018-04-23 13:52,108.726
2018-04-23 13:53,108.727
2018-04-23 13:54,108.733
2018-04-23 13:55,108.727
2018-04-23 13:56,108.726
2018-04-23 13:57,108.723
2018-04-23 13:58,108.719
2018-04-23 13:59,108.713
2018-04-23 14:00,108.713
2018-04-23 14:01,108.698
2018-04-23 14:02,108.687
2018-04-23 14:03,108.685
2018-04-23 14:04,108.678
2018-04-23 14:05,108.668
2018-04-23 14:06,108.656
2018-04-23 14:07,108.644
2018-04-23 14:08,108.625
2018-04-23 14:09,108.624
2018-04-23 14:10,108.615
2018-04-23 14:11,108.617
2018-04-23 14:12,108.619
2018-04-23 14:13,108.619
2018-04-23 14:14,108.612
2018-04-23 14:15,108.594
2018-04-23 14:16,108.584
2018-04-23 14:17,108.577
2018-04-23 14:18,108.58
2018-04-23 14:19,108.592
2018-04-23 14:20,108.589
2018-04-23 14:21,108.58
2018-04-23 14:22,108.586
2018-04-23 14:23,108.589
2018-04-23 14:24,108.584
2018-04-23 14:25,108.582
2018-04-23 14:26,108.584
2018-04-23 14:27,108.583
2018-04-23 14:28,108.575
2018-04-23 14:29,108.569
2018-04-23 14:30,108.575
2018-04-23 14:31,108.572
2018-04-23 14:32,108.577
2018-04-23 14:33,108.581
2018-04-23 14:34,108.577
2018-04-23 14:35,108.576
2018-04-23 14:36,108.58
2018-04-23 14:37,108.568
2018-04-23 14:38,108.566
2018-04-23 14:39,108.569
2018-04-23 14:40,108.58
2018-04-23 14:41,108.579
2018-04-23 14:42,108.587
2018-04-23 14:43,108.583
2018-04-23 14:44,108.604
2018-04-23 14:45,108.616
2018-04-23 14:46,108.605
2018-04-23 14:47,108.601
2018-04-23 14:48,108.597
2018-04-23 14:49,108.594
2018-04-23 14:50,108.596
2018-04-23 14:51,108.598
2018-04-23 14:52,108.58
2018-04-23 14:53,108.574
2018-04-23 14:54,108.582
2018-04-23 14:55,108.552
2018-04-23 14:56,108.56
2018-04-23 14:57,108.589
2018-04-23 14:58,108.613
2018-04-23 14:59,108.633
2018-04-23 15:00,108.645
2018-04-23 15:01,108.651
2018-04-23 15:02,108.647
2018-04-23 15:03,108.644
2018-04-23 15:04,108.641
2018-04-23 15:05,108.641
2018-04-23 15:06,108.643
2018-04-23 15:07,108.646
2018-04-23 15:08,108.648
2018-04-23 15:09,108.647
2018-04-23 15:10,108.647
2018-04-23 15:11,108.649
2018-04-23 15:12,108.65
2018-04-23 15:13,108.667
2018-04-23 15:14,108.686
2018-04-23 15:15,108.701
2018-04-23 15:16,108.705
2018-04-23 15:17,108.697
2018-04-23 15:18,108.706
2018-04-23 15:19,108.726
2018-04-23 15:20,108.728
2018-04-23 15:21,108.729
2018-04-23 15:22,108.734
2018-04-23 15:23,108.741
2018-04-23 15:24,108.745
2018-04-23 15:25,108.747
2018-04-23 15:26,108.747
2018-04-23 15:27,108.744
2018-04-23 15:28,108.747
2018-04-23 15:29,108.749
2018-04-23 15:30,108.746
2018-04-23 15:31,108.745
2018-04-23 15:32,108.728
2018-04-23 15:33,108.726
2018-04-23 15:34,108.725
2018-04-23 15:35,108.732
2018-04-23 15:36,108.745
2018-04-23 15:37,108.742
2018-04-23 15:38,108.737
2018-04-23 15:39,108.722
2018-04-23 15:40,108.724
2018-04-23 15:41,108.714
2018-04-23 15:42,108.713
2018-04-23 15:43,108.713
2018-04-23 15:44,108.714
2018-04-23 15:45,108.721
2018-04-23 15:46,108.721
2018-04-23 15:47,108.726
2018-04-23 15:48,108.704
2018-04-23 15:49,108.72
2018-04-23 15:50,108.716
2018-04-23 15:51,108.727
2018-04-23 15:52,108.716
2018-04-23 15:53,108.721
2018-04-23 15:54,108.733
2018-04-23 15:55,108.731
2018-04-23 15:56,108.737
2018-04-23 15:57,108.728
2018-04-23 15:58,108.731
2018-04-23 15:59,108.734
2018-04-23 16:00,108.726
2018-04-23 16:01,108.723
2018-04-23 16:02,108.718
2018-04-23 16:03,108.72
2018-04-23 16:04,108.718
2018-04-23 16:05,108.71
2018-04-23 16:06,108.719
2018-04-23 16:07,108.721
2018-04-23 16:08,108.722
2018-04-23 16:09,108.725
2018-04-23 16:10,108.721
2018-04-23 16:11,108.724
2018-04-23 16:12,108.721
2018-04-23 16:13,108.727
2018-04-23 16:14,108.725
2018-04-23 16:15,108.723
2018-04-23 16:16,108.723
2018-04-23 16:17,108.726
2018-04-23 16:18,108.726
2018-04-23 16:19,108.73
2018-04-23 16:20,108.728
2018-04-23 16:21,108.739
2018-04-23 16:22,108.745
2018-04-23 16:23,108.737
2018-04-23 16:24,108.735
2018-04-23 16:25,108.728
2018-04-23 16:26,108.725
2018-04-23 16:27,108.729
2018-04-23 16:28,108.724
2018-04-23 16:29,108.724
2018-04-23 16:30,108.726
2018-04-23 16:31,108.719
2018-04-23 16:32,108.707
2018-04-23 16:33,108.713
2018-04-23 16:35,108.715
2018-04-23 16:36,108.711
2018-04-23 16:37,108.706
2018-04-23 16:38,108.701
2018-04-23 16:39,108.709
2018-04-23 16:40,108.706
2018-04-23 16:41,108.704
2018-04-23 16:42,108.704
2018-04-23 16:43,108.705
2018-04-23 16:44,108.704
2018-04-23 16:45,108.705
2018-04-23 16:46,108.702
2018-04-23 16:47,108.701
2018-04-23 16:48,108.698
2018-04-23 16:49,108.693
2018-04-23 16:50,108.692
2018-04-23 16:51,108.691
2018-04-23 16:52,108.688
2018-04-23 16:53,108.689
2018-04-23 16:54,108.687
2018-04-23 16:55,108.693
2018-04-23 16:56,108.693
2018-04-23 16:57,108.695
2018-04-23 16:58,108.696
2018-04-23 16:59,108.702
2018-04-23 17:00,108.693
2018-04-23 17:01,108.699
2018-04-23 17:02,108.697
2018-04-23 17:03,108.697
2018-04-23 17:04,108.699
2018-04-23 17:05,108.703
2018-04-23 17:06,108.705
2018-04-23 17:07,108.705
2018-04-23 17:08,108.69
2018-04-23 17:09,108.695
2018-04-23 17:10,108.684
2018-04-23 17:11,108.689
2018-04-23 17:12,108.699
2018-04-23 17:13,108.703
2018-04-23 17:14,108.702
2018-04-23 17:15,108.707
2018-04-23 17:16,108.711
2018-04-23 17:17,108.71
2018-04-23 17:18,108.706
2018-04-23 17:19,108.692
2018-04-23 17:20,108.695
2018-04-23 17:21,108.693
2018-04-23 17:22,108.702
2018-04-23 17:23,108.703
2018-04-23 17:24,108.702
2018-04-23 17:25,108.7
2018-04-23 17:26,108.696
2018-04-23 17:27,108.697
2018-04-23 17:28,108.699
2018-04-23 17:29,108.705
2018-04-23 17:30,108.703
2018-04-23 17:31,108.709
2018-04-23 17:32,108.694
2018-04-23 17:33,108.704
2018-04-23 17:34,108.704
2018-04-23 17:35,108.7
2018-04-23 17:36,108.701
2018-04-23 17:37,108.701
2018-04-23 17:38,108.7
2018-04-23 17:39,108.697
2018-04-23 17:40,108.695
2018-04-23 17:41,108.698
2018-04-23 17:42,108.676
2018-04-23 17:43,108.692
2018-04-23 17:44,108.686
2018-04-23 17:45,108.687
2018-04-23 17:46,108.687
2018-04-23 17:47,108.689
2018-04-23 17:49,108.691
2018-04-23 17:50,108.696
2018-04-23 17:51,108.699
2018-04-23 17:52,108.704
2018-04-23 17:53,108.706
2018-04-23 17:54,108.707
2018-04-23 17:55,108.708
2018-04-23 17:56,108.704
2018-04-23 17:57,108.701
2018-04-23 17:58,108.705
2018-04-23 17:59,108.708
2018-04-23 18:00,108.705
2018-04-23 18:01,108.713
2018-04-23 18:02,108.716
2018-04-23 18:03,108.716
2018-04-23 18:04,108.716
2018-04-23 18:05,108.717
2018-04-23 18:06,108.725
2018-04-23 18:07,108.726
2018-04-23 18:08,108.726
2018-04-23 18:09,108.724
2018-04-23 18:10,108.729
2018-04-23 18:12,108.721
2018-04-23 18:13,108.725
2018-04-23 18:14,108.727
2018-04-23 18:15,108.726
2018-04-23 18:16,108.72
2018-04-23 18:17,108.719
2018-04-23 18:19,108.716
2018-04-23 18:20,108.722
2018-04-23 18:21,108.724
2018-04-23 18:22,108.723
2018-04-23 18:23,108.721
2018-04-23 18:24,108.721
2018-04-23 18:25,108.72
2018-04-23 18:26,108.721
2018-04-23 18:27,108.721
2018-04-23 18:28,108.717
2018-04-23 18:29,108.721
2018-04-23 18:30,108.718
2018-04-23 18:31,108.715
2018-04-23 18:32,108.711
2018-04-23 18:33,108.707
2018-04-23 18:34,108.707
2018-04-23 18:35,108.696
2018-04-23 18:36,108.702
2018-04-23 18:37,108.706
2018-04-23 18:38,108.695
2018-04-23 18:39,108.692
2018-04-23 18:40,108.696
2018-04-23 18:41,108.695
2018-04-23 18:42,108.704
2018-04-23 18:43,108.702
2018-04-23 18:44,108.698
2018-04-23 18:45,108.703
2018-04-23 18:46,108.71
2018-04-23 18:47,108.709
2018-04-23 18:48,108.704
2018-04-23 18:49,108.695
2018-04-23 18:50,108.692
2018-04-23 18:51,108.689
2018-04-23 18:52,108.681
2018-04-23 18:53,108.679
2018-04-23 18:54,108.68
2018-04-23 18:55,108.683
2018-04-23 18:56,108.679
2018-04-23 18:57,108.675
2018-04-23 18:58,108.673
2018-04-23 18:59,108.672
2018-04-23 19:00,108.672
2018-04-23 19:01,108.684
2018-04-23 19:02,108.69
2018-04-23 19:03,108.696
2018-04-23 19:04,108.695
2018-04-23 19:05,108.693
2018-04-23 19:06,108.692
2018-04-23 19:07,108.695
2018-04-23 19:08,108.696
2018-04-23 19:10,108.694
2018-04-23 19:11,108.694
2018-04-23 19:12,108.683
2018-04-23 19:13,108.684
2018-04-23 19:14,108.682
2018-04-23 19:15,108.682
2018-04-23 19:16,108.686
2018-04-23 19:17,108.683
2018-04-23 19:19,108.685
2018-04-23 19:21,108.682
2018-04-23 19:22,108.682
2018-04-23 19:23,108.683
2018-04-23 19:24,108.686
2018-04-23 19:25,108.687
2018-04-23 19:26,108.699
2018-04-23 19:27,108.702
2018-04-23 19:28,108.698
2018-04-23 19:29,108.728
2018-04-23 19:30,108.727
2018-04-23 19:31,108.741
2018-04-23 19:32,108.773
2018-04-23 19:33,108.778
2018-04-23 19:34,108.771
2018-04-23 19:35,108.77
2018-04-23 19:36,108.759
2018-04-23 19:37,108.751
2018-04-23 19:38,108.745
2018-04-23 19:39,108.739
2018-04-23 19:40,108.74
2018-04-23 19:41,108.757
2018-04-23 19:42,108.777
2018-04-23 19:43,108.771
2018-04-23 19:44,108.766
2018-04-23 19:45,108.768
2018-04-23 19:46,108.772
2018-04-23 19:47,108.78
2018-04-23 19:48,108.782
2018-04-23 19:49,108.78
2018-04-23 19:50,108.782
2018-04-23 19:51,108.779
2018-04-23 19:52,108.777
2018-04-23 19:53,108.778
2018-04-23 19:54,108.773
2018-04-23 19:55,108.769
2018-04-23 19:56,108.771
2018-04-23 19:57,108.77
2018-04-23 19:58,108.771
2018-04-23 19:59,108.762
2018-04-23 20:00,108.771
2018-04-23 20:01,108.757
2018-04-23 20:02,108.782
2018-04-23 20:03,108.785
2018-04-23 20:04,108.753
2018-04-23 20:05,108.783
2018-04-23 20:06,108.79
2018-04-23 20:07,108.791
2018-04-23 20:08,108.791
2018-04-23 20:09,108.786
2018-04-23 20:10,108.788
2018-04-23 20:11,108.804
2018-04-23 20:12,108.787
2018-04-23 20:13,108.771
2018-04-23 20:14,108.771
2018-04-23 20:15,108.766
2018-04-23 20:16,108.796
2018-04-23 20:17,108.79
2018-04-23 20:18,108.791
2018-04-23 20:19,108.777
2018-04-23 20:20,108.767
2018-04-23 20:21,108.769
2018-04-23 20:22,108.773
2018-04-23 20:23,108.764
2018-04-23 20:24,108.76
2018-04-23 20:25,108.777
2018-04-23 20:26,108.783
2018-04-23 20:27,108.787
2018-04-23 20:28,108.787
2018-04-23 20:29,108.768
2018-04-23 20:30,108.768
2018-04-23 20:31,108.77
2018-04-23 20:32,108.758
2018-04-23 20:33,108.76
2018-04-23 20:34,108.765
2018-04-23 20:35,108.759
2018-04-23 20:36,108.76
2018-04-23 20:37,108.769
2018-04-23 20:38,108.761
2018-04-23 20:39,108.757
2018-04-23 20:40,108.758
2018-04-23 20:41,108.76
2018-04-23 20:42,108.76
2018-04-23 20:43,108.764
2018-04-23 20:44,108.758
2018-04-23 20:45,108.756
2018-04-23 20:46,108.749
2018-04-23 20:47,108.742
2018-04-23 20:48,108.739
2018-04-23 20:49,108.75
2018-04-23 20:50,108.753
2018-04-23 20:51,108.77
2018-04-23 20:52,108.772
2018-04-23 20:53,108.78
2018-04-23 20:54,108.774
2018-04-23 20:55,108.758
2018-04-23 20:56,108.777
2018-04-23 20:57,108.768
2018-04-23 20:58,108.759
2018-04-23 20:59,108.751
2018-04-23 21:00,108.752
2018-04-23 21:01,108.758
2018-04-23 21:02,108.741
2018-04-23 21:03,108.742
2018-04-23 21:04,108.744
2018-04-23 21:05,108.74
2018-04-23 21:06,108.725
2018-04-23 21:07,108.712
2018-04-23 21:08,108.712
2018-04-23 21:09,108.715
2018-04-23 21:10,108.717
2018-04-23 21:11,108.77
2018-04-23 21:12,108.802
2018-04-23 21:13,108.814
2018-04-23 21:14,108.821
2018-04-23 21:15,108.838
2018-04-23 21:16,108.856
2018-04-23 21:17,108.854
2018-04-23 21:18,108.843
2018-04-23 21:19,108.839
2018-04-23 21:20,108.843
2018-04-23 21:21,108.843
2018-04-23 21:22,108.845
2018-04-23 21:23,108.849
2018-04-23 21:24,108.856
2018-04-23 21:25,108.865
2018-04-23 21:26,108.862
2018-04-23 21:27,108.846
2018-04-23 21:28,108.853
2018-04-23 21:29,108.851
2018-04-23 21:30,108.847
2018-04-23 21:31,108.847
2018-04-23 21:32,108.841
2018-04-23 21:33,108.845
2018-04-23 21:34,108.831
2018-04-23 21:35,108.82
2018-04-23 21:36,108.817
2018-04-23 21:37,108.803
2018-04-23 21:38,108.798
2018-04-23 21:39,108.793
2018-04-23 21:40,108.802
2018-04-23 21:41,108.789
2018-04-23 21:42,108.794
2018-04-23 21:43,108.808
2018-04-23 21:44,108.805
2018-04-23 21:45,108.797
2018-04-23 21:46,108.798
2018-04-23 21:47,108.823
2018-04-23 21:48,108.826
2018-04-23 21:49,108.829
2018-04-23 21:50,108.834
2018-04-23 21:51,108.831
2018-04-23 21:52,108.832
2018-04-23 21:53,108.833
2018-04-23 21:54,108.822
2018-04-23 21:55,108.821
2018-04-23 21:56,108.801
2018-04-23 21:57,108.792
2018-04-23 21:58,108.803
2018-04-23 21:59,108.814
2018-04-23 22:00,108.811
2018-04-23 22:01,108.822
2018-04-23 22:02,108.826
2018-04-23 22:03,108.823
2018-04-23 22:04,108.81
2018-04-23 22:05,108.805
2018-04-23 22:06,108.799
2018-04-23 22:07,108.793
2018-04-23 22:08,108.775
2018-04-23 22:09,108.777
2018-04-23 22:10,108.773
2018-04-23 22:11,108.765
2018-04-23 22:12,108.774
2018-04-23 22:13,108.773
2018-04-23 22:14,108.758
2018-04-23 22:15,108.747
2018-04-23 22:16,108.763
2018-04-23 22:17,108.764
2018-04-23 22:18,108.77
2018-04-23 22:19,108.748
2018-04-23 22:20,108.755
2018-04-23 22:21,108.752
2018-04-23 22:22,108.755
2018-04-23 22:23,108.741
2018-04-23 22:24,108.74
2018-04-23 22:25,108.744
2018-04-23 22:26,108.745
2018-04-23 22:27,108.741
2018-04-23 22:28,108.748
2018-04-23 22:29,108.76
2018-04-23 22:30,108.753
2018-04-23 22:31,108.744
2018-04-23 22:32,108.742
2018-04-23 22:33,108.741
2018-04-23 22:34,108.736
2018-04-23 22:35,108.699
2018-04-23 22:36,108.715
2018-04-23 22:37,108.704
2018-04-23 22:38,108.713
2018-04-23 22:39,108.724
2018-04-23 22:40,108.73
2018-04-23 22:41,108.727
2018-04-23 22:42,108.728
2018-04-23 22:43,108.732
2018-04-23 22:44,108.732
2018-04-23 22:45,108.734
2018-04-23 22:46,108.741
2018-04-23 22:47,108.745
2018-04-23 22:48,108.743
2018-04-23 22:49,108.738
2018-04-23 22:50,108.741
2018-04-23 22:51,108.741
2018-04-23 22:52,108.761
2018-04-23 22:53,108.752
2018-04-23 22:54,108.768
2018-04-23 22:55,108.776
2018-04-23 22:56,108.776
2018-04-23 22:57,108.765
2018-04-23 22:58,108.763
2018-04-23 22:59,108.748
2018-04-23 23:00,108.749
2018-04-23 23:01,108.751
2018-04-23 23:02,108.744
2018-04-23 23:03,108.755
2018-04-23 23:04,108.758
2018-04-23 23:05,108.765
2018-04-23 23:06,108.77
2018-04-23 23:07,108.765
2018-04-23 23:08,108.759
2018-04-23 23:09,108.761
2018-04-23 23:10,108.76
2018-04-23 23:11,108.758
2018-04-23 23:12,108.761
2018-04-23 23:13,108.758
2018-04-23 23:14,108.758
2018-04-23 23:15,108.756
2018-04-23 23:16,108.783
2018-04-23 23:17,108.807
2018-04-23 23:18,108.81
2018-04-23 23:19,108.82
2018-04-23 23:20,108.803
2018-04-23 23:21,108.807
2018-04-23 23:22,108.8
2018-04-23 23:23,108.797
2018-04-23 23:24,108.798
2018-04-23 23:25,108.8
2018-04-23 23:26,108.806
2018-04-23 23:27,108.806
2018-04-23 23:28,108.798
2018-04-23 23:29,108.811
2018-04-23 23:30,108.811
2018-04-23 23:31,108.812
2018-04-23 23:32,108.813
2018-04-23 23:33,108.812
2018-04-23 23:34,108.813
2018-04-23 23:35,108.807
2018-04-23 23:36,108.821
2018-04-23 23:37,108.814
2018-04-23 23:38,108.82
2018-04-23 23:39,108.823
2018-04-23 23:40,108.812
2018-04-23 23:41,108.811
2018-04-23 23:42,108.812
2018-04-23 23:43,108.805
2018-04-23 23:44,108.787
2018-04-23 23:45,108.781
2018-04-23 23:46,108.758
2018-04-23 23:47,108.762
2018-04-23 23:48,108.767
2018-04-23 23:49,108.77
2018-04-23 23:50,108.771
2018-04-23 23:51,108.765
2018-04-23 23:52,108.754
2018-04-23 23:53,108.752
2018-04-23 23:54,108.751
2018-04-23 23:55,108.765
2018-04-23 23:56,108.766
2018-04-23 23:57,108.767
2018-04-23 23:58,108.768
