2018-06-11T00:02:00.000000000Z,2018-06-11T00:01:00.000000000Z,0.00899999999998613,1.17815,1.17806,1,ask,100.00899999999999
2018-06-11T00:03:00.000000000Z,2018-06-11T00:14:00.000000000Z,-0.030000000000001137,1.17815,1.17845,11,bid,99.97899999999998
2018-06-11T00:07:00.000000000Z,2018-06-11T00:15:00.000000000Z,-0.03699999999999193,1.17808,1.17845,8,bid,99.942
2018-06-11T00:12:00.000000000Z,2018-06-11T00:20:00.000000000Z,0.01999999999999602,1.17861,1.17841,8,bid,99.96199999999999
2018-06-11T00:17:00.000000000Z,2018-06-11T00:21:00.000000000Z,0.009000000000000341,1.17851,1.17842,4,bid,99.97099999999999
2018-06-11T00:18:00.000000000Z,2018-06-11T00:23:00.000000000Z,0.030000000000001137,1.17856,1.17826,6,bid,100.00099999999999
2018-06-11T00:19:00.000000000Z,2018-06-11T00:24:00.000000000Z,0.04400000000001114,1.17859,1.17815,6,bid,100.045
2018-06-11T00:21:00.000000000Z,2018-06-11T00:26:00.000000000Z,0.04399999999999693,1.17857,1.17813,5,bid,100.089
2018-06-11T00:22:00.000000000Z,2018-06-11T00:27:00.000000000Z,0.027000000000001023,1.17841,1.17814,5,bid,100.116
2018-06-11T00:31:00.000000000Z,2018-06-11T00:34:00.000000000Z,-0.001999999999995339,1.17845,1.17847,3,bid,100.114
2018-06-11T00:32:00.000000000Z,2018-06-11T00:35:00.000000000Z,0.005000000000009663,1.17850,1.17845,3,bid,100.11900000000001
2018-06-11T00:36:00.000000000Z,2018-06-11T00:38:00.000000000Z,0.0040000000000048885,1.17860,1.17856,2,bid,100.12300000000002
2018-06-11T00:37:00.000000000Z,2018-06-11T00:39:00.000000000Z,0.007000000000005002,1.17850,1.17843,2,bid,100.13000000000002
2018-06-11T00:46:00.000000000Z,2018-06-11T00:42:00.000000000Z,0.028000000000005798,1.17917,1.17889,4,ask,100.15800000000003
2018-06-11T00:55:00.000000000Z,2018-06-11T00:45:00.000000000Z,0.054000000000002046,1.17968,1.17914,10,ask,100.21200000000003
2018-06-11T00:59:00.000000000Z,2018-06-11T00:48:00.000000000Z,0.057999999999992724,1.17988,1.17930,11,ask,100.27000000000002
2018-06-11T01:06:00.000000000Z,2018-06-11T00:49:00.000000000Z,0.07199999999998852,1.17996,1.17924,17,ask,100.34200000000001
2018-06-11T01:07:00.000000000Z,2018-06-11T00:50:00.000000000Z,0.04399999999999693,1.17995,1.17951,17,ask,100.38600000000001
2018-06-11T01:09:00.000000000Z,2018-06-11T00:52:00.000000000Z,0.021000000000000796,1.18006,1.17985,17,ask,100.40700000000001
2018-06-11T01:13:00.000000000Z,2018-06-11T00:54:00.000000000Z,0.015999999999991132,1.17988,1.17972,19,ask,100.423
2018-06-11T01:14:00.000000000Z,2018-06-11T00:56:00.000000000Z,0.0379999999999967,1.17987,1.17949,18,ask,100.461
2018-06-11T01:19:00.000000000Z,2018-06-11T01:00:00.000000000Z,-0.02600000000001046,1.17966,1.17992,19,ask,100.43499999999999
2018-06-11T01:21:00.000000000Z,2018-06-11T01:01:00.000000000Z,-0.0309999999999917,1.17973,1.18004,20,ask,100.404
2018-06-11T01:22:00.000000000Z,2018-06-11T01:04:00.000000000Z,-0.005000000000009663,1.17973,1.17978,18,ask,100.39899999999999
2018-06-11T01:23:00.000000000Z,2018-06-11T01:05:00.000000000Z,-0.007000000000005002,1.17974,1.17981,18,ask,100.39199999999998
2018-06-11T01:26:00.000000000Z,2018-06-11T01:08:00.000000000Z,0.018000000000000682,1.17995,1.17977,18,ask,100.40999999999998
2018-06-11T01:28:00.000000000Z,2018-06-11T01:10:00.000000000Z,-0.005000000000009663,1.17979,1.17984,18,ask,100.40499999999997
2018-06-11T01:30:00.000000000Z,2018-06-11T01:11:00.000000000Z,0.016999999999995907,1.17988,1.17971,19,ask,100.42199999999997
2018-06-11T01:35:00.000000000Z,2018-06-11T01:12:00.000000000Z,0.01999999999999602,1.17987,1.17967,23,ask,100.44199999999996
2018-06-11T01:36:00.000000000Z,2018-06-11T01:18:00.000000000Z,0.03300000000000125,1.17997,1.17964,18,ask,100.47499999999997
2018-06-11T01:37:00.000000000Z,2018-06-11T01:25:00.000000000Z,0.03599999999998715,1.18004,1.17968,12,ask,100.51099999999995
2018-06-11T01:43:00.000000000Z,2018-06-11T01:34:00.000000000Z,0.05500000000000682,1.18029,1.17974,9,ask,100.56599999999996
2018-06-11T01:46:00.000000000Z,2018-06-11T01:39:00.000000000Z,0.06299999999998818,1.18055,1.17992,7,ask,100.62899999999995
2018-06-11T01:52:00.000000000Z,2018-06-11T01:42:00.000000000Z,0.0350000000000108,1.18042,1.18007,10,ask,100.66399999999996
2018-06-11T01:57:00.000000000Z,2018-06-11T01:45:00.000000000Z,0.06699999999999307,1.18069,1.18002,12,ask,100.73099999999995
2018-06-11T01:58:00.000000000Z,2018-06-11T01:47:00.000000000Z,0.036000000000001364,1.18060,1.18024,11,ask,100.76699999999995
2018-06-11T02:00:00.000000000Z,2018-06-11T01:48:00.000000000Z,0.03999999999999204,1.18058,1.18018,12,ask,100.80699999999995
2018-06-11T02:02:00.000000000Z,2018-06-11T01:49:00.000000000Z,-0.014999999999986358,1.18050,1.18065,13,ask,100.79199999999996
2018-06-11T02:04:00.000000000Z,2018-06-11T01:50:00.000000000Z,-0.012999999999991019,1.18028,1.18041,14,ask,100.77899999999997
2018-06-11T02:11:00.000000000Z,2018-06-11T01:51:00.000000000Z,-0.02199999999999136,1.18008,1.18030,20,ask,100.75699999999998
2018-06-11T02:14:00.000000000Z,2018-06-11T01:59:00.000000000Z,0.002999999999985903,1.18035,1.18032,15,ask,100.75999999999996
2018-06-11T02:15:00.000000000Z,2018-06-11T02:01:00.000000000Z,-0.016999999999995907,1.18029,1.18046,14,ask,100.74299999999997
2018-06-11T02:18:00.000000000Z,2018-06-11T02:05:00.000000000Z,0.0,1.18016,1.18016,13,ask,100.74299999999997
2018-06-11T02:19:00.000000000Z,2018-06-11T02:07:00.000000000Z,0.0059999999999860165,1.18012,1.18006,12,ask,100.74899999999995
2018-06-11T02:22:00.000000000Z,2018-06-11T02:16:00.000000000Z,0.006999999999990791,1.18012,1.18005,6,ask,100.75599999999994
2018-06-11T02:23:00.000000000Z,2018-06-11T02:17:00.000000000Z,0.00899999999998613,1.18008,1.17999,6,ask,100.76499999999993
2018-06-11T02:24:00.000000000Z,2018-06-11T02:25:00.000000000Z,0.012999999999991019,1.17995,1.17982,1,bid,100.77799999999992
2018-06-11T02:26:00.000000000Z,2018-06-11T02:27:00.000000000Z,0.012000000000000455,1.18000,1.17988,1,bid,100.78999999999992
2018-06-11T02:31:00.000000000Z,2018-06-11T02:29:00.000000000Z,0.016000000000005343,1.17996,1.17980,2,ask,100.80599999999993
2018-06-11T02:39:00.000000000Z,2018-06-11T02:32:00.000000000Z,0.019000000000019668,1.18005,1.17986,7,ask,100.82499999999995
2018-06-11T02:48:00.000000000Z,2018-06-11T02:33:00.000000000Z,-0.02600000000002467,1.17952,1.17978,15,ask,100.79899999999992
2018-06-11T02:53:00.000000000Z,2018-06-11T02:35:00.000000000Z,-0.0040000000000048885,1.17978,1.17982,18,ask,100.79499999999992
2018-06-11T02:56:00.000000000Z,2018-06-11T02:38:00.000000000Z,-0.013999999999995794,1.17976,1.17990,18,ask,100.78099999999992
2018-06-11T02:58:00.000000000Z,2018-06-11T02:40:00.000000000Z,-0.015999999999991132,1.17981,1.17997,18,ask,100.76499999999993
2018-06-11T03:01:00.000000000Z,2018-06-11T02:41:00.000000000Z,-0.03700000000000614,1.17945,1.17982,20,ask,100.72799999999992
2018-06-11T03:03:00.000000000Z,2018-06-11T02:42:00.000000000Z,-0.03100000000000591,1.17944,1.17975,21,ask,100.69699999999992
2018-06-11T03:09:00.000000000Z,2018-06-11T02:43:00.000000000Z,-0.028000000000005798,1.17943,1.17971,26,ask,100.66899999999991
2018-06-11T03:11:00.000000000Z,2018-06-11T02:44:00.000000000Z,-0.016999999999995907,1.17951,1.17968,27,ask,100.65199999999992
2018-06-11T03:12:00.000000000Z,2018-06-11T02:47:00.000000000Z,-0.017000000000010118,1.17941,1.17958,25,ask,100.6349999999999
2018-06-11T03:13:00.000000000Z,2018-06-11T02:52:00.000000000Z,-0.018999999999991246,1.17940,1.17959,21,ask,100.61599999999991
2018-06-11T03:15:00.000000000Z,2018-06-11T03:00:00.000000000Z,0.013999999999995794,1.17961,1.17947,15,ask,100.62999999999991
2018-06-11T03:18:00.000000000Z,2018-06-11T03:04:00.000000000Z,0.03300000000001546,1.17958,1.17925,14,ask,100.66299999999993
2018-06-11T03:21:00.000000000Z,2018-06-11T03:10:00.000000000Z,0.016999999999995907,1.17956,1.17939,10,ask,100.67999999999992
2018-06-11T03:23:00.000000000Z,2018-06-11T03:26:00.000000000Z,0.027000000000001023,1.17958,1.17931,3,bid,100.70699999999992
2018-06-11T03:24:00.000000000Z,2018-06-11T03:39:00.000000000Z,0.046999999999997044,1.17953,1.17906,13,bid,100.75399999999992
2018-06-11T03:25:00.000000000Z,2018-06-11T03:49:00.000000000Z,0.020000000000010232,1.17945,1.17925,19,bid,100.77399999999993
2018-06-11T03:29:00.000000000Z,2018-06-11T03:50:00.000000000Z,0.013999999999995794,1.17939,1.17925,16,bid,100.78799999999993
2018-06-11T03:30:00.000000000Z,2018-06-11T03:51:00.000000000Z,0.01799999999998647,1.17942,1.17924,16,bid,100.80599999999991
2018-06-11T03:31:00.000000000Z,2018-06-11T03:54:00.000000000Z,0.01300000000001944,1.17938,1.17925,18,bid,100.81899999999993
2018-06-11T03:32:00.000000000Z,2018-06-11T04:04:00.000000000Z,0.028000000000005798,1.17937,1.17909,21,bid,100.84699999999994
2018-06-11T03:33:00.000000000Z,2018-06-11T04:06:00.000000000Z,0.04100000000001103,1.17950,1.17909,22,bid,100.88799999999995
2018-06-11T03:34:00.000000000Z,2018-06-11T04:07:00.000000000Z,0.03999999999999204,1.17946,1.17906,22,bid,100.92799999999994
2018-06-11T03:35:00.000000000Z,2018-06-11T04:08:00.000000000Z,0.036000000000015575,1.17941,1.17905,22,bid,100.96399999999996
2018-06-11T03:41:00.000000000Z,2018-06-11T04:14:00.000000000Z,0.007000000000005002,1.17925,1.17918,23,bid,100.97099999999996
2018-06-11T03:46:00.000000000Z,2018-06-11T04:19:00.000000000Z,0.01300000000000523,1.17929,1.17916,24,bid,100.98399999999997
2018-06-11T03:47:00.000000000Z,2018-06-11T04:29:00.000000000Z,0.011999999999986244,1.17933,1.17921,31,bid,100.99599999999995
2018-06-11T03:48:00.000000000Z,2018-06-11T04:30:00.000000000Z,0.020999999999986585,1.17935,1.17914,31,bid,101.01699999999994
2018-06-11T03:53:00.000000000Z,2018-06-11T04:36:00.000000000Z,-0.022999999999996135,1.17940,1.17963,32,bid,100.99399999999994
2018-06-11T03:56:00.000000000Z,2018-06-11T04:40:00.000000000Z,-0.021000000000000796,1.17946,1.17967,34,bid,100.97299999999994
2018-06-11T03:58:00.000000000Z,2018-06-11T04:42:00.000000000Z,-0.017000000000010118,1.17937,1.17954,35,bid,100.95599999999993
2018-06-11T04:03:00.000000000Z,2018-06-11T04:47:00.000000000Z,-0.03599999999998715,1.17927,1.17963,38,bid,100.91999999999994
2018-06-11T04:09:00.000000000Z,2018-06-11T04:51:00.000000000Z,-0.042999999999992156,1.17913,1.17956,36,bid,100.87699999999995
2018-06-11T04:12:00.000000000Z,2018-06-11T04:53:00.000000000Z,-0.0379999999999967,1.17930,1.17968,36,bid,100.83899999999996
2018-06-11T04:13:00.000000000Z,2018-06-11T04:56:00.000000000Z,-0.05200000000000671,1.17935,1.17987,38,bid,100.78699999999995
2018-06-11T04:17:00.000000000Z,2018-06-11T04:57:00.000000000Z,-0.054000000000002046,1.17928,1.17982,36,bid,100.73299999999995
2018-06-11T04:24:00.000000000Z,2018-06-11T05:01:00.000000000Z,-0.03999999999999204,1.17931,1.17971,36,bid,100.69299999999996
2018-06-11T04:25:00.000000000Z,2018-06-11T05:02:00.000000000Z,-0.03200000000001069,1.17935,1.17967,36,bid,100.66099999999994
2018-06-11T04:28:00.000000000Z,2018-06-11T05:04:00.000000000Z,-0.03299999999998704,1.17931,1.17964,35,bid,100.62799999999996
2018-06-11T04:31:00.000000000Z,2018-06-11T05:05:00.000000000Z,-0.036000000000015575,1.17936,1.17972,33,bid,100.59199999999994
2018-06-11T04:32:00.000000000Z,2018-06-11T05:14:00.000000000Z,-0.029999999999986926,1.17938,1.17968,41,bid,100.56199999999995
2018-06-11T04:33:00.000000000Z,2018-06-11T05:18:00.000000000Z,-0.028000000000005798,1.17949,1.17977,44,bid,100.53399999999995
2018-06-11T04:34:00.000000000Z,2018-06-11T05:22:00.000000000Z,0.005000000000009663,1.17954,1.17949,47,bid,100.53899999999996
2018-06-11T04:37:00.000000000Z,2018-06-11T05:23:00.000000000Z,0.030000000000001137,1.17975,1.17945,45,bid,100.56899999999996
2018-06-11T04:39:00.000000000Z,2018-06-11T05:27:00.000000000Z,0.013999999999995794,1.17992,1.17978,47,bid,100.58299999999996
2018-06-11T04:46:00.000000000Z,2018-06-11T05:30:00.000000000Z,-0.007999999999981355,1.17971,1.17979,44,bid,100.57499999999997
2018-06-11T04:48:00.000000000Z,2018-06-11T05:38:00.000000000Z,0.022999999999996135,1.17979,1.17956,49,bid,100.59799999999997
2018-06-11T04:59:00.000000000Z,2018-06-11T05:41:00.000000000Z,0.0350000000000108,1.17997,1.17962,41,bid,100.63299999999998
2018-06-11T05:03:00.000000000Z,2018-06-11T05:44:00.000000000Z,0.030000000000001137,1.17981,1.17951,40,bid,100.66299999999998
2018-06-11T05:06:00.000000000Z,2018-06-11T05:46:00.000000000Z,0.046999999999997044,1.17991,1.17944,39,bid,100.70999999999998
2018-06-11T05:09:00.000000000Z,2018-06-11T05:47:00.000000000Z,0.030000000000001137,1.17973,1.17943,37,bid,100.73999999999998
2018-06-11T05:11:00.000000000Z,2018-06-11T05:50:00.000000000Z,0.04099999999999682,1.17970,1.17929,38,bid,100.78099999999998
2018-06-11T05:15:00.000000000Z,2018-06-11T05:58:00.000000000Z,0.06199999999999761,1.17992,1.17930,41,bid,100.84299999999998
2018-06-11T05:16:00.000000000Z,2018-06-11T05:59:00.000000000Z,0.05700000000000216,1.17994,1.17937,41,bid,100.89999999999998
2018-06-11T05:17:00.000000000Z,2018-06-11T06:02:00.000000000Z,0.03499999999998238,1.17990,1.17955,43,bid,100.93499999999996
2018-06-11T05:19:00.000000000Z,2018-06-11T06:05:00.000000000Z,-0.0619999999999834,1.17989,1.18051,44,bid,100.87299999999998
2018-06-11T05:25:00.000000000Z,2018-06-11T06:06:00.000000000Z,-0.0420000000000158,1.17983,1.18025,39,bid,100.83099999999996
2018-06-11T05:26:00.000000000Z,2018-06-11T06:12:00.000000000Z,-0.08700000000001751,1.17990,1.18077,44,bid,100.74399999999994
2018-06-11T05:31:00.000000000Z,2018-06-11T06:14:00.000000000Z,-0.047000000000011255,1.17996,1.18043,41,bid,100.69699999999993
2018-06-11T05:33:00.000000000Z,2018-06-11T06:15:00.000000000Z,-0.11599999999999966,1.17991,1.18107,40,bid,100.58099999999993
2018-06-11T05:34:00.000000000Z,2018-06-11T06:18:00.000000000Z,-0.16400000000000148,1.17977,1.18141,42,bid,100.41699999999993
2018-06-11T05:39:00.000000000Z,2018-06-11T06:19:00.000000000Z,-0.15699999999999648,1.17977,1.18134,39,bid,100.25999999999993
2018-06-11T05:42:00.000000000Z,2018-06-11T06:22:00.000000000Z,-0.16200000000000614,1.17964,1.18126,39,bid,100.09799999999993
2018-06-11T05:43:00.000000000Z,2018-06-11T06:24:00.000000000Z,-0.12999999999999545,1.17965,1.18095,40,bid,99.96799999999993
2018-06-11T05:45:00.000000000Z,2018-06-11T06:25:00.000000000Z,-0.09999999999999432,1.17961,1.18061,39,bid,99.86799999999994
2018-06-11T05:49:00.000000000Z,2018-06-11T06:27:00.000000000Z,-0.12000000000001876,1.17933,1.18053,37,bid,99.74799999999992
2018-06-11T05:54:00.000000000Z,2018-06-11T06:30:00.000000000Z,-0.1279999999999859,1.17950,1.18078,36,bid,99.61999999999993
2018-06-11T05:56:00.000000000Z,2018-06-11T06:31:00.000000000Z,-0.12100000000000932,1.17946,1.18067,35,bid,99.49899999999992
2018-06-11T06:01:00.000000000Z,2018-06-11T06:34:00.000000000Z,-0.16199999999999193,1.17954,1.18116,33,bid,99.33699999999993
2018-06-11T06:03:00.000000000Z,2018-06-11T06:37:00.000000000Z,-0.12199999999999989,1.17998,1.18120,34,bid,99.21499999999993
2018-06-11T06:04:00.000000000Z,2018-06-11T06:40:00.000000000Z,-0.08099999999998886,1.18049,1.18130,36,bid,99.13399999999994
2018-06-11T06:08:00.000000000Z,2018-06-11T06:41:00.000000000Z,-0.05700000000001637,1.18057,1.18114,33,bid,99.07699999999993
2018-06-11T06:10:00.000000000Z,2018-06-11T06:43:00.000000000Z,-0.01300000000000523,1.18059,1.18072,33,bid,99.06399999999992
2018-06-11T06:13:00.000000000Z,2018-06-11T06:53:00.000000000Z,-0.02599999999999625,1.18065,1.18091,40,bid,99.03799999999993
2018-06-11T06:17:00.000000000Z,2018-06-11T06:59:00.000000000Z,0.06199999999999761,1.18133,1.18071,42,bid,99.09999999999992
2018-06-11T06:21:00.000000000Z,2018-06-11T07:07:00.000000000Z,0.05299999999998306,1.18130,1.18077,46,bid,99.1529999999999
2018-06-11T06:23:00.000000000Z,2018-06-11T07:11:00.000000000Z,-0.015999999999991132,1.18109,1.18125,48,bid,99.13699999999992
2018-06-11T06:26:00.000000000Z,2018-06-11T07:12:00.000000000Z,-0.09399999999999409,1.18068,1.18162,46,bid,99.04299999999992
2018-06-11T06:28:00.000000000Z,2018-06-11T07:13:00.000000000Z,-0.09200000000001296,1.18083,1.18175,45,bid,98.95099999999991
2018-06-11T06:32:00.000000000Z,2018-06-11T07:16:00.000000000Z,-0.058000000000006935,1.18098,1.18156,44,bid,98.8929999999999
2018-06-11T06:33:00.000000000Z,2018-06-11T07:18:00.000000000Z,-0.07299999999999329,1.18097,1.18170,45,bid,98.81999999999991
2018-06-11T06:35:00.000000000Z,2018-06-11T07:20:00.000000000Z,-0.07299999999999329,1.18097,1.18170,45,bid,98.74699999999991
2018-06-11T06:36:00.000000000Z,2018-06-11T07:21:00.000000000Z,-0.05000000000001137,1.18108,1.18158,45,bid,98.6969999999999
2018-06-11T06:39:00.000000000Z,2018-06-11T07:22:00.000000000Z,-0.029000000000010573,1.18122,1.18151,43,bid,98.66799999999989
2018-06-11T06:46:00.000000000Z,2018-06-11T07:29:00.000000000Z,-0.07699999999999818,1.18050,1.18127,43,bid,98.5909999999999
2018-06-11T06:47:00.000000000Z,2018-06-11T07:30:00.000000000Z,-0.08300000000001262,1.18044,1.18127,43,bid,98.50799999999988
2018-06-11T06:48:00.000000000Z,2018-06-11T07:33:00.000000000Z,-0.04800000000000182,1.18058,1.18106,45,bid,98.45999999999988
2018-06-11T06:50:00.000000000Z,2018-06-11T07:37:00.000000000Z,-0.014000000000010004,1.18086,1.18100,47,bid,98.44599999999987
2018-06-11T06:51:00.000000000Z,2018-06-11T07:38:00.000000000Z,0.001999999999995339,1.18092,1.18090,47,bid,98.44799999999987
2018-06-11T06:52:00.000000000Z,2018-06-11T07:45:00.000000000Z,-0.001999999999981128,1.18103,1.18105,53,bid,98.44599999999988
2018-06-11T06:54:00.000000000Z,2018-06-11T07:46:00.000000000Z,0.0049999999999954525,1.18119,1.18114,52,bid,98.45099999999988
2018-06-11T06:55:00.000000000Z,2018-06-11T07:49:00.000000000Z,0.06100000000000705,1.18128,1.18067,54,bid,98.51199999999989
2018-06-11T06:56:00.000000000Z,2018-06-11T07:50:00.000000000Z,-0.001999999999995339,1.18082,1.18084,54,bid,98.50999999999989
2018-06-11T07:03:00.000000000Z,2018-06-11T07:55:00.000000000Z,0.02400000000000091,1.18094,1.18070,52,bid,98.53399999999989
2018-06-11T07:04:00.000000000Z,2018-06-11T07:56:00.000000000Z,0.058000000000006935,1.18089,1.18031,52,bid,98.5919999999999
2018-06-11T07:08:00.000000000Z,2018-06-11T07:58:00.000000000Z,0.06499999999999773,1.18082,1.18017,50,bid,98.6569999999999
2018-06-11T07:14:00.000000000Z,2018-06-11T08:01:00.000000000Z,0.1670000000000158,1.18175,1.18008,47,bid,98.82399999999991
2018-06-11T07:17:00.000000000Z,2018-06-11T08:11:00.000000000Z,0.09899999999998954,1.18210,1.18111,54,bid,98.9229999999999
2018-06-11T07:26:00.000000000Z,2018-06-11T08:13:00.000000000Z,0.0619999999999834,1.18166,1.18104,47,bid,98.98499999999989
2018-06-11T07:27:00.000000000Z,2018-06-11T08:19:00.000000000Z,0.0800000000000125,1.18138,1.18058,52,bid,99.0649999999999
2018-06-11T07:28:00.000000000Z,2018-06-11T08:27:00.000000000Z,0.03100000000000591,1.18150,1.18119,59,bid,99.0959999999999
2018-06-11T07:31:00.000000000Z,2018-06-11T08:28:00.000000000Z,0.03200000000001069,1.18130,1.18098,57,bid,99.12799999999991
2018-06-11T07:34:00.000000000Z,2018-06-11T08:31:00.000000000Z,0.09300000000000352,1.18090,1.17997,57,bid,99.22099999999992
2018-06-11T07:36:00.000000000Z,2018-06-11T08:34:00.000000000Z,0.09299999999998931,1.18085,1.17992,58,bid,99.31399999999991
2018-06-11T07:40:00.000000000Z,2018-06-11T08:35:00.000000000Z,0.12299999999997624,1.18101,1.17978,55,bid,99.43699999999988
2018-06-11T07:43:00.000000000Z,2018-06-11T08:38:00.000000000Z,0.16199999999999193,1.18143,1.17981,55,bid,99.59899999999988
2018-06-11T07:44:00.000000000Z,2018-06-11T08:40:00.000000000Z,0.1910000000000025,1.18137,1.17946,56,bid,99.78999999999988
2018-06-11T07:47:00.000000000Z,2018-06-11T08:42:00.000000000Z,0.14500000000001023,1.18111,1.17966,55,bid,99.93499999999989
2018-06-11T07:48:00.000000000Z,2018-06-11T08:54:00.000000000Z,0.12700000000000955,1.18087,1.17960,66,bid,100.0619999999999
2018-06-11T07:51:00.000000000Z,2018-06-11T08:55:00.000000000Z,0.1530000000000058,1.18086,1.17933,64,bid,100.2149999999999
2018-06-11T07:52:00.000000000Z,2018-06-11T08:58:00.000000000Z,0.21099999999999852,1.18086,1.17875,66,bid,100.4259999999999
2018-06-11T07:57:00.000000000Z,2018-06-11T08:59:00.000000000Z,0.21299999999999386,1.18049,1.17836,62,bid,100.6389999999999
2018-06-11T08:00:00.000000000Z,2018-06-11T09:04:00.000000000Z,0.18000000000000682,1.18034,1.17854,65,bid,100.8189999999999
2018-06-11T08:02:00.000000000Z,2018-06-11T09:05:00.000000000Z,0.1910000000000167,1.18056,1.17865,64,bid,101.00999999999992
2018-06-11T08:04:00.000000000Z,2018-06-11T09:06:00.000000000Z,0.23100000000000875,1.18094,1.17863,63,bid,101.24099999999993
2018-06-11T08:06:00.000000000Z,2018-06-11T09:07:00.000000000Z,0.21599999999999397,1.18089,1.17873,62,bid,101.45699999999992
2018-06-11T08:09:00.000000000Z,2018-06-11T09:08:00.000000000Z,0.2249999999999801,1.18102,1.17877,60,bid,101.6819999999999
2018-06-11T08:10:00.000000000Z,2018-06-11T09:10:00.000000000Z,0.23799999999998533,1.18115,1.17877,61,bid,101.91999999999989
2018-06-11T08:12:00.000000000Z,2018-06-11T09:14:00.000000000Z,0.21999999999999886,1.18118,1.17898,63,bid,102.13999999999989
2018-06-11T08:14:00.000000000Z,2018-06-11T09:16:00.000000000Z,0.21800000000000352,1.18109,1.17891,63,bid,102.35799999999989
2018-06-11T08:15:00.000000000Z,2018-06-11T09:20:00.000000000Z,0.2179999999999751,1.18101,1.17883,66,bid,102.57599999999987
2018-06-11T08:17:00.000000000Z,2018-06-11T09:22:00.000000000Z,0.2090000000000174,1.18110,1.17901,66,bid,102.78499999999988
2018-06-11T08:22:00.000000000Z,2018-06-11T09:23:00.000000000Z,0.20599999999998886,1.18088,1.17882,62,bid,102.99099999999987
2018-06-11T08:23:00.000000000Z,2018-06-11T09:26:00.000000000Z,0.2050000000000125,1.18067,1.17862,64,bid,103.19599999999988
2018-06-11T08:26:00.000000000Z,2018-06-11T09:34:00.000000000Z,0.32099999999999795,1.18120,1.17799,69,bid,103.51699999999988
2018-06-11T08:30:00.000000000Z,2018-06-11T09:35:00.000000000Z,0.2400000000000091,1.18060,1.17820,66,bid,103.75699999999989
2018-06-11T08:33:00.000000000Z,2018-06-11T09:36:00.000000000Z,0.1869999999999834,1.18003,1.17816,64,bid,103.94399999999987
2018-06-11T08:36:00.000000000Z,2018-06-11T09:38:00.000000000Z,0.12300000000000466,1.17955,1.17832,63,bid,104.06699999999988
2018-06-11T08:39:00.000000000Z,2018-06-11T09:39:00.000000000Z,0.1670000000000016,1.17995,1.17828,61,bid,104.23399999999988
2018-06-11T08:43:00.000000000Z,2018-06-11T09:41:00.000000000Z,0.14200000000001012,1.17981,1.17839,59,bid,104.37599999999989
2018-06-11T08:44:00.000000000Z,2018-06-11T09:44:00.000000000Z,0.12400000000000944,1.17972,1.17848,61,bid,104.4999999999999
2018-06-11T08:45:00.000000000Z,2018-06-11T09:47:00.000000000Z,0.09900000000000375,1.17951,1.17852,63,bid,104.5989999999999
2018-06-11T08:46:00.000000000Z,2018-06-11T09:48:00.000000000Z,0.12899999999997647,1.17979,1.17850,63,bid,104.72799999999988
2018-06-11T08:48:00.000000000Z,2018-06-11T09:50:00.000000000Z,0.13900000000001,1.17969,1.17830,63,bid,104.86699999999989
2018-06-11T08:49:00.000000000Z,2018-06-11T09:52:00.000000000Z,0.12199999999999989,1.17978,1.17856,64,bid,104.98899999999989
2018-06-11T08:50:00.000000000Z,2018-06-11T09:53:00.000000000Z,0.12199999999999989,1.17979,1.17857,64,bid,105.11099999999989
2018-06-11T08:52:00.000000000Z,2018-06-11T09:54:00.000000000Z,0.10999999999998522,1.17980,1.17870,63,bid,105.22099999999988
2018-06-11T08:53:00.000000000Z,2018-06-11T09:57:00.000000000Z,0.09099999999999397,1.17973,1.17882,65,bid,105.31199999999987
2018-06-11T08:57:00.000000000Z,2018-06-11T10:02:00.000000000Z,0.027000000000001023,1.17942,1.17915,66,bid,105.33899999999987
2018-06-11T09:01:00.000000000Z,2018-06-11T10:06:00.000000000Z,-0.05200000000000671,1.17831,1.17883,65,bid,105.28699999999986
2018-06-11T09:02:00.000000000Z,2018-06-11T10:08:00.000000000Z,-0.0800000000000125,1.17840,1.17920,66,bid,105.20699999999985
2018-06-11T09:09:00.000000000Z,2018-06-11T10:09:00.000000000Z,-0.033999999999991815,1.17882,1.17916,60,bid,105.17299999999986
2018-06-11T09:15:00.000000000Z,2018-06-11T10:14:00.000000000Z,0.006000000000000227,1.17923,1.17917,59,bid,105.17899999999986
2018-06-11T09:17:00.000000000Z,2018-06-11T10:16:00.000000000Z,0.010000000000005116,1.17902,1.17892,59,bid,105.18899999999987
2018-06-11T09:19:00.000000000Z,2018-06-11T10:18:00.000000000Z,-0.0020000000000095497,1.17895,1.17897,59,bid,105.18699999999986
2018-06-11T09:21:00.000000000Z,2018-06-11T10:23:00.000000000Z,-0.018000000000014893,1.17893,1.17911,62,bid,105.16899999999984
2018-06-11T09:28:00.000000000Z,2018-06-11T10:29:00.000000000Z,0.008000000000009777,1.17876,1.17868,61,bid,105.17699999999985
2018-06-11T09:30:00.000000000Z,2018-06-11T10:30:00.000000000Z,-0.018000000000000682,1.17844,1.17862,60,bid,105.15899999999985
2018-06-11T09:31:00.000000000Z,2018-06-11T10:33:00.000000000Z,0.005000000000009663,1.17863,1.17858,62,bid,105.16399999999986
2018-06-11T09:32:00.000000000Z,2018-06-11T10:36:00.000000000Z,-0.009000000000000341,1.17826,1.17835,64,bid,105.15499999999986
2018-06-11T09:42:00.000000000Z,2018-06-11T10:37:00.000000000Z,0.01999999999999602,1.17876,1.17856,55,bid,105.17499999999986
2018-06-11T09:43:00.000000000Z,2018-06-11T10:38:00.000000000Z,0.04899999999997817,1.17881,1.17832,55,bid,105.22399999999983
2018-06-11T09:45:00.000000000Z,2018-06-11T10:43:00.000000000Z,0.07899999999997931,1.17885,1.17806,58,bid,105.30299999999981
2018-06-11T09:51:00.000000000Z,2018-06-11T10:49:00.000000000Z,0.042999999999992156,1.17841,1.17798,58,bid,105.3459999999998
2018-06-11T09:55:00.000000000Z,2018-06-11T10:51:00.000000000Z,0.07600000000002183,1.17906,1.17830,56,bid,105.42199999999983
2018-06-11T09:56:00.000000000Z,2018-06-11T10:53:00.000000000Z,0.07099999999999795,1.17920,1.17849,57,bid,105.49299999999982
2018-06-11T09:59:00.000000000Z,2018-06-11T10:57:00.000000000Z,0.03099999999997749,1.17901,1.17870,58,bid,105.5239999999998
2018-06-11T10:04:00.000000000Z,2018-06-11T10:58:00.000000000Z,0.0829999999999842,1.17932,1.17849,54,bid,105.60699999999979
2018-06-11T10:11:00.000000000Z,2018-06-11T11:00:00.000000000Z,0.1600000000000108,1.17958,1.17798,49,bid,105.7669999999998
2018-06-11T10:13:00.000000000Z,2018-06-11T11:02:00.000000000Z,0.1600000000000108,1.17951,1.17791,49,bid,105.92699999999981
2018-06-11T10:19:00.000000000Z,2018-06-11T11:08:00.000000000Z,0.11199999999996635,1.17901,1.17789,49,bid,106.03899999999977
2018-06-11T10:20:00.000000000Z,2018-06-11T11:13:00.000000000Z,0.09599999999998943,1.17895,1.17799,53,bid,106.13499999999976
2018-06-11T10:22:00.000000000Z,2018-06-11T11:15:00.000000000Z,0.1110000000000042,1.17926,1.17815,53,bid,106.24599999999977
2018-06-11T10:24:00.000000000Z,2018-06-11T11:17:00.000000000Z,0.07899999999997931,1.17912,1.17833,53,bid,106.32499999999975
2018-06-11T10:26:00.000000000Z,2018-06-11T11:25:00.000000000Z,0.044999999999973284,1.17901,1.17856,59,bid,106.36999999999972
2018-06-11T10:27:00.000000000Z,2018-06-11T11:26:00.000000000Z,0.03300000000002967,1.17887,1.17854,59,bid,106.40299999999975
2018-06-11T10:28:00.000000000Z,2018-06-11T11:33:00.000000000Z,0.03200000000001069,1.17883,1.17851,65,bid,106.43499999999976
2018-06-11T10:35:00.000000000Z,2018-06-11T11:34:00.000000000Z,-0.0020000000000095497,1.17847,1.17849,59,bid,106.43299999999975
2018-06-11T10:39:00.000000000Z,2018-06-11T11:35:00.000000000Z,-0.013999999999995794,1.17828,1.17842,56,bid,106.41899999999976
2018-06-11T10:50:00.000000000Z,2018-06-11T11:38:00.000000000Z,-0.05100000000000193,1.17811,1.17862,48,bid,106.36799999999975
2018-06-11T10:52:00.000000000Z,2018-06-11T11:40:00.000000000Z,0.003999999999976467,1.17864,1.17860,48,bid,106.37199999999973
2018-06-11T10:56:00.000000000Z,2018-06-11T11:43:00.000000000Z,-0.0,1.17869,1.17869,47,bid,106.37199999999973
2018-06-11T11:04:00.000000000Z,2018-06-11T11:46:00.000000000Z,-0.06999999999999318,1.17804,1.17874,42,bid,106.30199999999974
2018-06-11T11:05:00.000000000Z,2018-06-11T11:47:00.000000000Z,-0.05100000000000193,1.17810,1.17861,42,bid,106.25099999999973
2018-06-11T11:07:00.000000000Z,2018-06-11T11:50:00.000000000Z,-0.01999999999999602,1.17808,1.17828,43,bid,106.23099999999974
2018-06-11T11:18:00.000000000Z,2018-06-11T11:51:00.000000000Z,0.03299999999998704,1.17866,1.17833,33,bid,106.26399999999973
2018-06-11T11:21:00.000000000Z,2018-06-11T11:52:00.000000000Z,0.05799999999997851,1.17891,1.17833,31,bid,106.3219999999997
2018-06-11T11:22:00.000000000Z,2018-06-11T11:57:00.000000000Z,0.055999999999997385,1.17874,1.17818,35,bid,106.3779999999997
2018-06-11T11:27:00.000000000Z,2018-06-11T11:58:00.000000000Z,0.05300000000001148,1.17867,1.17814,31,bid,106.43099999999971
2018-06-11T11:28:00.000000000Z,2018-06-11T12:01:00.000000000Z,0.05300000000001148,1.17867,1.17814,33,bid,106.48399999999972
2018-06-11T11:29:00.000000000Z,2018-06-11T12:02:00.000000000Z,0.07399999999999807,1.17849,1.17775,33,bid,106.55799999999972
2018-06-11T11:32:00.000000000Z,2018-06-11T12:03:00.000000000Z,0.10099999999999909,1.17861,1.17760,31,bid,106.65899999999972
2018-06-11T11:36:00.000000000Z,2018-06-11T12:04:00.000000000Z,0.10700000000001353,1.17866,1.17759,28,bid,106.76599999999974
2018-06-11T11:37:00.000000000Z,2018-06-11T12:05:00.000000000Z,0.11599999999998545,1.17874,1.17758,28,bid,106.88199999999972
2018-06-11T11:41:00.000000000Z,2018-06-11T12:06:00.000000000Z,0.09600000000000364,1.17880,1.17784,25,bid,106.97799999999972
2018-06-11T11:44:00.000000000Z,2018-06-11T12:09:00.000000000Z,0.11700000000000443,1.17897,1.17780,25,bid,107.09499999999973
2018-06-11T11:48:00.000000000Z,2018-06-11T12:17:00.000000000Z,-0.0350000000000108,1.17844,1.17879,29,bid,107.05999999999972
2018-06-11T11:53:00.000000000Z,2018-06-11T12:19:00.000000000Z,-0.0899999999999892,1.17812,1.17902,26,bid,106.96999999999973
2018-06-11T11:55:00.000000000Z,2018-06-11T12:20:00.000000000Z,-0.10200000000000387,1.17826,1.17928,25,bid,106.86799999999972
2018-06-11T12:00:00.000000000Z,2018-06-11T12:21:00.000000000Z,-0.06999999999999318,1.17860,1.17930,21,bid,106.79799999999973
2018-06-11T12:14:00.000000000Z,2018-06-11T12:27:00.000000000Z,-0.019000000000019668,1.17901,1.17920,13,bid,106.77899999999971
2018-06-11T12:16:00.000000000Z,2018-06-11T12:28:00.000000000Z,-0.031999999999982265,1.17904,1.17936,12,bid,106.74699999999973
2018-06-11T12:18:00.000000000Z,2018-06-11T12:30:00.000000000Z,-0.0350000000000108,1.17881,1.17916,12,bid,106.71199999999972
2018-06-11T12:29:00.000000000Z,2018-06-11T12:32:00.000000000Z,0.02199999999999136,1.17946,1.17924,3,bid,106.73399999999971
2018-06-11T12:31:00.000000000Z,2018-06-11T12:36:00.000000000Z,0.036000000000015575,1.17928,1.17892,5,bid,106.76999999999973
2018-06-11T12:34:00.000000000Z,2018-06-11T12:37:00.000000000Z,0.04199999999998738,1.17935,1.17893,3,bid,106.81199999999971
2018-06-11T12:40:00.000000000Z,2018-06-11T12:39:00.000000000Z,0.025000000000005684,1.17889,1.17864,1,ask,106.83699999999972
2018-06-11T12:43:00.000000000Z,2018-06-11T12:42:00.000000000Z,0.01799999999998647,1.17898,1.17880,1,ask,106.8549999999997
2018-06-11T12:44:00.000000000Z,2018-06-11T12:48:00.000000000Z,0.02199999999999136,1.17885,1.17863,4,bid,106.8769999999997
2018-06-11T12:45:00.000000000Z,2018-06-11T12:51:00.000000000Z,-0.027000000000001023,1.17888,1.17915,6,bid,106.8499999999997
2018-06-11T12:49:00.000000000Z,2018-06-11T12:54:00.000000000Z,-0.00899999999998613,1.17911,1.17920,5,bid,106.84099999999971
2018-06-11T12:50:00.000000000Z,2018-06-11T12:55:00.000000000Z,-0.018000000000000682,1.17918,1.17936,5,bid,106.82299999999971
2018-06-11T12:52:00.000000000Z,2018-06-11T12:58:00.000000000Z,-0.0519999999999925,1.17914,1.17966,6,bid,106.77099999999972
2018-06-11T12:53:00.000000000Z,2018-06-11T12:59:00.000000000Z,-0.05100000000000193,1.17926,1.17977,6,bid,106.71999999999971
2018-06-11T12:56:00.000000000Z,2018-06-11T13:02:00.000000000Z,-0.023000000000010346,1.17942,1.17965,6,bid,106.6969999999997
2018-06-11T13:00:00.000000000Z,2018-06-11T13:03:00.000000000Z,0.0009999999999763531,1.17983,1.17982,3,bid,106.69799999999968
2018-06-11T13:01:00.000000000Z,2018-06-11T13:06:00.000000000Z,-0.01799999999998647,1.17968,1.17986,5,bid,106.6799999999997
2018-06-11T13:09:00.000000000Z,2018-06-11T13:07:00.000000000Z,0.0040000000000048885,1.17983,1.17979,2,ask,106.6839999999997
2018-06-11T13:16:00.000000000Z,2018-06-11T13:11:00.000000000Z,0.0069999999999765805,1.17962,1.17955,5,ask,106.69099999999968
2018-06-11T13:26:00.000000000Z,2018-06-11T13:12:00.000000000Z,0.08899999999999864,1.18039,1.17950,14,ask,106.77999999999967
2018-06-11T13:28:00.000000000Z,2018-06-11T13:13:00.000000000Z,0.05500000000000682,1.18021,1.17966,15,ask,106.83499999999968
2018-06-11T13:29:00.000000000Z,2018-06-11T13:14:00.000000000Z,0.04800000000000182,1.18016,1.17968,15,ask,106.88299999999968
2018-06-11T13:30:00.000000000Z,2018-06-11T13:17:00.000000000Z,0.08500000000000796,1.18029,1.17944,13,ask,106.96799999999969
2018-06-11T13:32:00.000000000Z,2018-06-11T13:18:00.000000000Z,0.09900000000000375,1.18041,1.17942,14,ask,107.0669999999997
2018-06-11T13:35:00.000000000Z,2018-06-11T13:19:00.000000000Z,0.10900000000000887,1.18052,1.17943,16,ask,107.1759999999997
2018-06-11T13:36:00.000000000Z,2018-06-11T13:21:00.000000000Z,0.06199999999999761,1.18016,1.17954,15,ask,107.2379999999997
2018-06-11T13:40:00.000000000Z,2018-06-11T13:25:00.000000000Z,0.02600000000001046,1.18043,1.18017,15,ask,107.26399999999971
2018-06-11T13:44:00.000000000Z,2018-06-11T13:27:00.000000000Z,0.05299999999999727,1.18064,1.18011,17,ask,107.31699999999971
2018-06-11T13:46:00.000000000Z,2018-06-11T13:31:00.000000000Z,0.034000000000006025,1.18049,1.18015,15,ask,107.35099999999971
2018-06-11T13:48:00.000000000Z,2018-06-11T13:39:00.000000000Z,0.060000000000002274,1.18049,1.17989,9,ask,107.41099999999972
2018-06-11T13:49:00.000000000Z,2018-06-11T13:42:00.000000000Z,0.02199999999999136,1.18071,1.18049,7,ask,107.43299999999971
2018-06-11T13:55:00.000000000Z,2018-06-11T13:43:00.000000000Z,0.01300000000000523,1.18071,1.18058,12,ask,107.44599999999971
2018-06-11T13:56:00.000000000Z,2018-06-11T13:45:00.000000000Z,0.0350000000000108,1.18076,1.18041,11,ask,107.48099999999972
2018-06-11T13:59:00.000000000Z,2018-06-11T13:47:00.000000000Z,0.031999999999982265,1.18065,1.18033,12,ask,107.5129999999997
2018-06-11T14:00:00.000000000Z,2018-06-11T13:51:00.000000000Z,0.008000000000009777,1.18066,1.18058,9,ask,107.52099999999972
2018-06-11T14:03:00.000000000Z,2018-06-11T13:52:00.000000000Z,0.016000000000019554,1.18080,1.18064,11,ask,107.53699999999974
2018-06-11T14:06:00.000000000Z,2018-06-11T13:58:00.000000000Z,0.025000000000005684,1.18077,1.18052,8,ask,107.56199999999974
2018-06-11T14:07:00.000000000Z,2018-06-11T14:04:00.000000000Z,-0.009999999999990905,1.18045,1.18055,3,ask,107.55199999999975
2018-06-11T14:08:00.000000000Z,2018-06-11T14:05:00.000000000Z,-0.03099999999997749,1.18033,1.18064,3,ask,107.52099999999977
2018-06-11T14:12:00.000000000Z,2018-06-11T14:09:00.000000000Z,-0.0040000000000048885,1.18021,1.18025,3,ask,107.51699999999977
2018-06-11T14:13:00.000000000Z,2018-06-11T14:10:00.000000000Z,0.009999999999990905,1.18019,1.18009,3,ask,107.52699999999976
2018-06-11T14:19:00.000000000Z,2018-06-11T14:11:00.000000000Z,0.02200000000000557,1.18039,1.18017,8,ask,107.54899999999977
2018-06-11T14:20:00.000000000Z,2018-06-11T14:14:00.000000000Z,0.049000000000006594,1.18050,1.18001,6,ask,107.59799999999977
2018-06-11T14:23:00.000000000Z,2018-06-11T14:16:00.000000000Z,0.021000000000000796,1.18060,1.18039,7,ask,107.61899999999977
2018-06-11T14:26:00.000000000Z,2018-06-11T14:18:00.000000000Z,0.07200000000000273,1.18095,1.18023,8,ask,107.69099999999978
2018-06-11T14:36:00.000000000Z,2018-06-11T14:22:00.000000000Z,0.03999999999999204,1.18085,1.18045,14,ask,107.73099999999977
2018-06-11T14:43:00.000000000Z,2018-06-11T14:24:00.000000000Z,-0.0069999999999765805,1.18033,1.18040,19,ask,107.72399999999979
2018-06-11T14:44:00.000000000Z,2018-06-11T14:25:00.000000000Z,-0.05700000000000216,1.18031,1.18088,19,ask,107.66699999999979
2018-06-11T14:51:00.000000000Z,2018-06-11T14:32:00.000000000Z,-0.04400000000001114,1.18078,1.18122,19,ask,107.62299999999978
2018-06-11T14:55:00.000000000Z,2018-06-11T14:33:00.000000000Z,-0.030000000000001137,1.18054,1.18084,22,ask,107.59299999999978
2018-06-11T14:57:00.000000000Z,2018-06-11T14:34:00.000000000Z,-0.04600000000000648,1.18041,1.18087,23,ask,107.54699999999977
2018-06-11T15:00:00.000000000Z,2018-06-11T14:35:00.000000000Z,-0.01100000000000989,1.18068,1.18079,25,ask,107.53599999999976
2018-06-11T15:01:00.000000000Z,2018-06-11T14:38:00.000000000Z,0.034000000000006025,1.18076,1.18042,23,ask,107.56999999999977
2018-06-11T15:02:00.000000000Z,2018-06-11T14:40:00.000000000Z,0.013999999999995794,1.18063,1.18049,22,ask,107.58399999999976
2018-06-11T15:08:00.000000000Z,2018-06-11T14:41:00.000000000Z,0.04800000000000182,1.18087,1.18039,27,ask,107.63199999999976
2018-06-11T15:11:00.000000000Z,2018-06-11T14:45:00.000000000Z,0.009999999999990905,1.18055,1.18045,26,ask,107.64199999999975
2018-06-11T15:12:00.000000000Z,2018-06-11T14:46:00.000000000Z,-0.018999999999991246,1.18059,1.18078,26,ask,107.62299999999976
2018-06-11T15:13:00.000000000Z,2018-06-11T14:48:00.000000000Z,-0.01300000000000523,1.18060,1.18073,25,ask,107.60999999999976
2018-06-11T15:18:00.000000000Z,2018-06-11T14:52:00.000000000Z,0.03699999999999193,1.18093,1.18056,26,ask,107.64699999999975
2018-06-11T15:20:00.000000000Z,2018-06-11T14:53:00.000000000Z,0.013999999999981583,1.18081,1.18067,27,ask,107.66099999999973
2018-06-11T15:22:00.000000000Z,2018-06-11T14:54:00.000000000Z,0.031999999999996476,1.18092,1.18060,28,ask,107.69299999999973
2018-06-11T15:25:00.000000000Z,2018-06-11T14:58:00.000000000Z,0.056000000000011596,1.18080,1.18024,27,ask,107.74899999999974
2018-06-11T15:29:00.000000000Z,2018-06-11T15:04:00.000000000Z,0.010999999999981469,1.18084,1.18073,25,ask,107.75999999999972
2018-06-11T15:31:00.000000000Z,2018-06-11T15:05:00.000000000Z,-0.016000000000019554,1.18057,1.18073,26,ask,107.7439999999997
2018-06-11T15:36:00.000000000Z,2018-06-11T15:06:00.000000000Z,0.0059999999999860165,1.18062,1.18056,30,ask,107.74999999999969
2018-06-11T15:37:00.000000000Z,2018-06-11T15:07:00.000000000Z,-0.017000000000010118,1.18051,1.18068,30,ask,107.73299999999968
2018-06-11T15:40:00.000000000Z,2018-06-11T15:09:00.000000000Z,-0.03999999999999204,1.18042,1.18082,31,ask,107.69299999999969
2018-06-11T15:41:00.000000000Z,2018-06-11T15:16:00.000000000Z,-0.033999999999991815,1.18040,1.18074,25,ask,107.6589999999997
2018-06-11T15:44:00.000000000Z,2018-06-11T15:17:00.000000000Z,-0.054000000000002046,1.18027,1.18081,27,ask,107.60499999999969
2018-06-11T15:46:00.000000000Z,2018-06-11T15:21:00.000000000Z,-0.07099999999999795,1.18019,1.18090,25,ask,107.5339999999997
2018-06-11T15:51:00.000000000Z,2018-06-11T15:26:00.000000000Z,-0.044999999999973284,1.18033,1.18078,25,ask,107.48899999999972
2018-06-11T15:52:00.000000000Z,2018-06-11T15:27:00.000000000Z,-0.06100000000000705,1.18014,1.18075,25,ask,107.42799999999971
2018-06-11T15:58:00.000000000Z,2018-06-11T15:28:00.000000000Z,-0.06100000000000705,1.18014,1.18075,30,ask,107.3669999999997
2018-06-11T16:05:00.000000000Z,2018-06-11T15:32:00.000000000Z,-0.03599999999998715,1.17994,1.18030,33,ask,107.33099999999972
2018-06-11T16:08:00.000000000Z,2018-06-11T15:47:00.000000000Z,-0.05499999999999261,1.17953,1.18008,21,ask,107.27599999999973
2018-06-11T16:09:00.000000000Z,2018-06-11T15:48:00.000000000Z,-0.0689999999999884,1.17944,1.18013,21,ask,107.20699999999974
2018-06-11T16:17:00.000000000Z,2018-06-11T15:49:00.000000000Z,-0.09499999999999886,1.17924,1.18019,28,ask,107.11199999999974
2018-06-11T16:18:00.000000000Z,2018-06-11T15:50:00.000000000Z,-0.10500000000000398,1.17923,1.18028,28,ask,107.00699999999973
2018-06-11T16:19:00.000000000Z,2018-06-11T15:54:00.000000000Z,-0.05900000000001171,1.17926,1.17985,25,ask,106.94799999999972
2018-06-11T16:21:00.000000000Z,2018-06-11T15:56:00.000000000Z,-0.07200000000000273,1.17932,1.18004,25,ask,106.87599999999972
2018-06-11T16:22:00.000000000Z,2018-06-11T15:59:00.000000000Z,-0.07600000000000762,1.17935,1.18011,23,ask,106.79999999999971
2018-06-11T16:28:00.000000000Z,2018-06-11T16:00:00.000000000Z,-0.08399999999998897,1.17906,1.17990,28,ask,106.71599999999972
2018-06-11T16:33:00.000000000Z,2018-06-11T16:06:00.000000000Z,-0.06199999999999761,1.17895,1.17957,27,ask,106.65399999999973
2018-06-11T16:37:00.000000000Z,2018-06-11T16:07:00.000000000Z,-0.07699999999999818,1.17876,1.17953,30,ask,106.57699999999973
2018-06-11T16:38:00.000000000Z,2018-06-11T16:10:00.000000000Z,-0.06900000000001683,1.17865,1.17934,28,ask,106.50799999999971
2018-06-11T16:39:00.000000000Z,2018-06-11T16:11:00.000000000Z,-0.06499999999999773,1.17874,1.17939,28,ask,106.44299999999971
2018-06-11T16:40:00.000000000Z,2018-06-11T16:16:00.000000000Z,-0.06200000000001182,1.17862,1.17924,24,ask,106.3809999999997
2018-06-11T16:51:00.000000000Z,2018-06-11T16:20:00.000000000Z,-0.043000000000006366,1.17871,1.17914,31,ask,106.3379999999997
2018-06-11T16:58:00.000000000Z,2018-06-11T16:26:00.000000000Z,-0.04399999999999693,1.17864,1.17908,32,ask,106.2939999999997
2018-06-11T17:00:00.000000000Z,2018-06-11T16:27:00.000000000Z,-0.000999999999990564,1.17914,1.17915,33,ask,106.29299999999971
2018-06-11T17:02:00.000000000Z,2018-06-11T16:30:00.000000000Z,-0.0049999999999954525,1.17894,1.17899,32,ask,106.28799999999971
2018-06-11T17:08:00.000000000Z,2018-06-11T16:32:00.000000000Z,-0.013999999999995794,1.17878,1.17892,36,ask,106.27399999999972
2018-06-11T17:09:00.000000000Z,2018-06-11T16:35:00.000000000Z,0.04100000000001103,1.17880,1.17839,34,ask,106.31499999999973
2018-06-11T17:14:00.000000000Z,2018-06-11T16:36:00.000000000Z,0.03200000000001069,1.17887,1.17855,38,ask,106.34699999999974
2018-06-11T17:15:00.000000000Z,2018-06-11T16:41:00.000000000Z,0.006000000000000227,1.17876,1.17870,34,ask,106.35299999999974
2018-06-11T17:20:00.000000000Z,2018-06-11T16:42:00.000000000Z,0.022999999999996135,1.17883,1.17860,39,ask,106.37599999999973
2018-06-11T17:22:00.000000000Z,2018-06-11T16:43:00.000000000Z,0.011999999999986244,1.17862,1.17850,40,ask,106.38799999999972
2018-06-11T17:23:00.000000000Z,2018-06-11T16:44:00.000000000Z,0.038000000000010914,1.17859,1.17821,40,ask,106.42599999999973
2018-06-11T17:25:00.000000000Z,2018-06-11T16:45:00.000000000Z,0.046999999999997044,1.17868,1.17821,41,ask,106.47299999999973
2018-06-11T17:26:00.000000000Z,2018-06-11T16:47:00.000000000Z,0.058000000000006935,1.17869,1.17811,40,ask,106.53099999999974
2018-06-11T17:27:00.000000000Z,2018-06-11T16:50:00.000000000Z,0.027000000000001023,1.17874,1.17847,38,ask,106.55799999999974
2018-06-11T17:31:00.000000000Z,2018-06-11T16:53:00.000000000Z,-0.019000000000005457,1.17844,1.17863,39,ask,106.53899999999973
2018-06-11T17:33:00.000000000Z,2018-06-11T16:55:00.000000000Z,-0.022999999999996135,1.17849,1.17872,39,ask,106.51599999999974
2018-06-11T17:34:00.000000000Z,2018-06-11T16:56:00.000000000Z,-0.018000000000014893,1.17858,1.17876,39,ask,106.49799999999972
2018-06-11T17:40:00.000000000Z,2018-06-11T16:59:00.000000000Z,-0.038000000000010914,1.17840,1.17878,42,ask,106.45999999999971
2018-06-11T17:41:00.000000000Z,2018-06-11T17:01:00.000000000Z,-0.027000000000001023,1.17860,1.17887,41,ask,106.43299999999971
2018-06-11T17:49:00.000000000Z,2018-06-11T17:03:00.000000000Z,-0.030000000000001137,1.17846,1.17876,47,ask,106.40299999999971
2018-06-11T17:50:00.000000000Z,2018-06-11T17:06:00.000000000Z,-0.02400000000000091,1.17842,1.17866,45,ask,106.3789999999997
2018-06-11T17:55:00.000000000Z,2018-06-11T17:10:00.000000000Z,-0.01100000000000989,1.17841,1.17852,46,ask,106.3679999999997
2018-06-11T18:00:00.000000000Z,2018-06-11T17:11:00.000000000Z,-0.02400000000000091,1.17847,1.17871,50,ask,106.3439999999997
2018-06-11T18:04:00.000000000Z,2018-06-11T17:16:00.000000000Z,-0.010000000000005116,1.17849,1.17859,49,ask,106.33399999999969
2018-06-11T18:11:00.000000000Z,2018-06-11T17:19:00.000000000Z,0.04399999999999693,1.17891,1.17847,53,ask,106.37799999999969
2018-06-11T18:15:00.000000000Z,2018-06-11T17:20:00.000000000Z,0.021000000000000796,1.17893,1.17872,56,ask,106.39899999999969
2018-06-11T18:19:00.000000000Z,2018-06-11T17:29:00.000000000Z,0.045000000000015916,1.17884,1.17839,50,ask,106.4439999999997
2018-06-11T18:20:00.000000000Z,2018-06-11T17:30:00.000000000Z,0.053999999999987836,1.17881,1.17827,50,ask,106.49799999999969
2018-06-11T18:21:00.000000000Z,2018-06-11T17:32:00.000000000Z,0.028000000000005798,1.17865,1.17837,49,ask,106.5259999999997
2018-06-11T18:23:00.000000000Z,2018-06-11T17:35:00.000000000Z,0.030000000000001137,1.17871,1.17841,48,ask,106.5559999999997
2018-06-11T18:24:00.000000000Z,2018-06-11T17:39:00.000000000Z,0.03099999999997749,1.17864,1.17833,45,ask,106.58699999999968
2018-06-11T18:31:00.000000000Z,2018-06-11T17:43:00.000000000Z,0.009999999999990905,1.17861,1.17851,48,ask,106.59699999999967
2018-06-11T18:35:00.000000000Z,2018-06-11T17:51:00.000000000Z,0.05700000000000216,1.17876,1.17819,44,ask,106.65399999999967
2018-06-11T18:38:00.000000000Z,2018-06-11T17:52:00.000000000Z,0.06200000000001182,1.17880,1.17818,46,ask,106.71599999999968
2018-06-11T18:39:00.000000000Z,2018-06-11T17:53:00.000000000Z,0.046999999999997044,1.17869,1.17822,46,ask,106.76299999999968
2018-06-11T18:41:00.000000000Z,2018-06-11T17:54:00.000000000Z,0.030000000000001137,1.17864,1.17834,47,ask,106.79299999999968
2018-06-11T18:42:00.000000000Z,2018-06-11T17:56:00.000000000Z,0.029999999999986926,1.17857,1.17827,46,ask,106.82299999999967
2018-06-11T18:44:00.000000000Z,2018-06-11T17:57:00.000000000Z,0.028000000000005798,1.17858,1.17830,47,ask,106.85099999999967
2018-06-11T18:50:00.000000000Z,2018-06-11T17:59:00.000000000Z,0.018000000000014893,1.17860,1.17842,48,ask,106.86899999999969
2018-06-11T18:51:00.000000000Z,2018-06-11T18:01:00.000000000Z,0.027999999999977376,1.17861,1.17833,47,ask,106.89699999999966
2018-06-11T18:52:00.000000000Z,2018-06-11T18:03:00.000000000Z,0.025999999999982037,1.17862,1.17836,46,ask,106.92299999999965
2018-06-11T18:56:00.000000000Z,2018-06-11T18:07:00.000000000Z,0.0040000000000048885,1.17869,1.17865,46,ask,106.92699999999965
2018-06-11T18:57:00.000000000Z,2018-06-11T18:08:00.000000000Z,0.0,1.17873,1.17873,46,ask,106.92699999999965
2018-06-11T18:59:00.000000000Z,2018-06-11T18:09:00.000000000Z,0.0,1.17876,1.17876,47,ask,106.92699999999965
2018-06-11T19:00:00.000000000Z,2018-06-11T18:12:00.000000000Z,-0.006000000000014438,1.17871,1.17877,45,ask,106.92099999999964
2018-06-11T19:04:00.000000000Z,2018-06-11T18:14:00.000000000Z,-0.042999999999992156,1.17835,1.17878,47,ask,106.87799999999964
2018-06-11T19:08:00.000000000Z,2018-06-11T18:17:00.000000000Z,-0.02400000000000091,1.17853,1.17877,48,ask,106.85399999999964
2018-06-11T19:16:00.000000000Z,2018-06-11T18:22:00.000000000Z,0.006000000000000227,1.17859,1.17853,51,ask,106.85999999999964
2018-06-11T19:18:00.000000000Z,2018-06-11T18:33:00.000000000Z,0.0030000000000001137,1.17861,1.17858,42,ask,106.86299999999964
2018-06-11T19:20:00.000000000Z,2018-06-11T18:36:00.000000000Z,-0.0010000000000047748,1.17868,1.17869,41,ask,106.86199999999964
2018-06-11T19:21:00.000000000Z,2018-06-11T18:37:00.000000000Z,0.0030000000000001137,1.17871,1.17868,41,ask,106.86499999999964
2018-06-11T19:23:00.000000000Z,2018-06-11T18:43:00.000000000Z,0.034000000000006025,1.17876,1.17842,37,ask,106.89899999999965
2018-06-11T19:25:00.000000000Z,2018-06-11T18:47:00.000000000Z,0.025999999999982037,1.17881,1.17855,37,ask,106.92499999999963
2018-06-11T19:31:00.000000000Z,2018-06-11T18:54:00.000000000Z,0.001999999999995339,1.17855,1.17853,37,ask,106.92699999999962
2018-06-11T19:35:00.000000000Z,2018-06-11T18:55:00.000000000Z,0.015000000000000568,1.17870,1.17855,40,ask,106.94199999999962
2018-06-11T19:39:00.000000000Z,2018-06-11T19:07:00.000000000Z,0.0350000000000108,1.17875,1.17840,32,ask,106.97699999999963
2018-06-11T19:41:00.000000000Z,2018-06-11T19:09:00.000000000Z,0.03100000000000591,1.17873,1.17842,32,ask,107.00799999999964
2018-06-11T19:42:00.000000000Z,2018-06-11T19:13:00.000000000Z,0.015999999999991132,1.17869,1.17853,29,ask,107.02399999999963
2018-06-11T19:45:00.000000000Z,2018-06-11T19:15:00.000000000Z,0.03300000000001546,1.17873,1.17840,29,ask,107.05699999999965
2018-06-11T19:46:00.000000000Z,2018-06-11T19:19:00.000000000Z,0.018999999999991246,1.17875,1.17856,26,ask,107.07599999999964
2018-06-11T19:47:00.000000000Z,2018-06-11T19:26:00.000000000Z,0.008000000000009777,1.17880,1.17872,20,ask,107.08399999999965
2018-06-11T19:52:00.000000000Z,2018-06-11T19:29:00.000000000Z,0.02200000000000557,1.17862,1.17840,21,ask,107.10599999999965
2018-06-11T19:53:00.000000000Z,2018-06-11T19:34:00.000000000Z,-0.001999999999981128,1.17860,1.17862,17,ask,107.10399999999967
2018-06-11T19:55:00.000000000Z,2018-06-11T19:36:00.000000000Z,-0.006000000000000227,1.17858,1.17864,17,ask,107.09799999999967
2018-06-11T20:02:00.000000000Z,2018-06-11T19:50:00.000000000Z,-0.005000000000009663,1.17851,1.17856,10,ask,107.09299999999966
2018-06-11T20:04:00.000000000Z,2018-06-11T19:54:00.000000000Z,0.0040000000000048885,1.17856,1.17852,8,ask,107.09699999999967
2018-06-11T20:06:00.000000000Z,2018-06-11T20:05:00.000000000Z,0.012000000000014666,1.17856,1.17844,1,ask,107.10899999999968
2018-06-11T20:15:00.000000000Z,2018-06-11T20:07:00.000000000Z,0.019000000000005457,1.17863,1.17844,8,ask,107.12799999999969
2018-06-11T20:25:00.000000000Z,2018-06-11T20:21:00.000000000Z,0.012999999999991019,1.17866,1.17853,3,ask,107.14099999999968
2018-06-11T20:26:00.000000000Z,2018-06-11T20:22:00.000000000Z,0.001999999999981128,1.17858,1.17856,3,ask,107.14299999999966
2018-06-11T20:29:00.000000000Z,2018-06-11T20:23:00.000000000Z,-0.0010000000000047748,1.17851,1.17852,5,ask,107.14199999999965
2018-06-11T20:30:00.000000000Z,2018-06-11T20:27:00.000000000Z,0.014000000000010004,1.17856,1.17842,3,ask,107.15599999999966
2018-06-11T20:33:00.000000000Z,2018-06-11T20:31:00.000000000Z,0.018000000000000682,1.17863,1.17845,1,ask,107.17399999999967
2018-06-11T20:35:00.000000000Z,2018-06-11T20:38:00.000000000Z,0.02199999999997715,1.17858,1.17836,1,bid,107.19599999999964
2018-06-11T20:40:00.000000000Z,2018-06-11T20:39:00.000000000Z,0.012000000000014666,1.17850,1.17838,1,ask,107.20799999999966
2018-06-11T20:45:00.000000000Z,2018-06-11T20:41:00.000000000Z,0.0030000000000001137,1.17845,1.17842,3,ask,107.21099999999966
2018-06-11T20:46:00.000000000Z,2018-06-11T20:42:00.000000000Z,0.0049999999999954525,1.17844,1.17839,3,ask,107.21599999999965
2018-06-11T20:54:00.000000000Z,2018-06-11T20:44:00.000000000Z,0.02600000000002467,1.17860,1.17834,9,ask,107.24199999999968
2018-06-11T20:55:00.000000000Z,2018-06-11T20:48:00.000000000Z,0.02899999999998215,1.17861,1.17832,7,ask,107.27099999999966
2018-06-11T20:58:00.000000000Z,2018-06-11T20:49:00.000000000Z,0.03200000000001069,1.17860,1.17828,9,ask,107.30299999999967
2018-06-11T21:02:00.000000000Z,2018-06-11T20:53:00.000000000Z,0.021000000000015007,1.17855,1.17834,8,ask,107.32399999999969
2018-06-11T21:09:00.000000000Z,2018-06-11T20:56:00.000000000Z,0.0010000000000047748,1.17845,1.17844,9,ask,107.32499999999969
2018-06-11T21:20:00.000000000Z,2018-06-11T20:59:00.000000000Z,0.028000000000005798,1.17846,1.17818,10,ask,107.3529999999997
2018-06-11T21:22:00.000000000Z,2018-06-11T21:01:00.000000000Z,0.03999999999999204,1.17848,1.17808,11,ask,107.39299999999969
2018-06-11T21:29:00.000000000Z,2018-06-11T21:06:00.000000000Z,0.018000000000000682,1.17849,1.17831,12,ask,107.41099999999969
2018-06-11T21:42:00.000000000Z,2018-06-11T21:15:00.000000000Z,0.017000000000010118,1.17847,1.17830,19,ask,107.4279999999997
2018-06-11T21:50:00.000000000Z,2018-06-11T21:27:00.000000000Z,0.011999999999986244,1.17838,1.17826,19,ask,107.43999999999969
2018-06-11T21:54:00.000000000Z,2018-06-11T21:30:00.000000000Z,0.018999999999991246,1.17841,1.17822,17,ask,107.45899999999968
2018-06-11T22:01:00.000000000Z,2018-06-11T21:31:00.000000000Z,-0.0030000000000143245,1.17820,1.17823,23,ask,107.45599999999966
2018-06-11T22:02:00.000000000Z,2018-06-11T21:32:00.000000000Z,-0.009000000000000341,1.17815,1.17824,23,ask,107.44699999999966
2018-06-11T22:04:00.000000000Z,2018-06-11T21:34:00.000000000Z,-0.01099999999999568,1.17816,1.17827,23,ask,107.43599999999967
2018-06-11T22:05:00.000000000Z,2018-06-11T21:35:00.000000000Z,0.011999999999986244,1.17834,1.17822,23,ask,107.44799999999965
2018-06-11T22:08:00.000000000Z,2018-06-11T21:36:00.000000000Z,0.004999999999981242,1.17834,1.17829,24,ask,107.45299999999963
2018-06-11T22:12:00.000000000Z,2018-06-11T21:38:00.000000000Z,-0.03200000000001069,1.17797,1.17829,27,ask,107.42099999999962
2018-06-11T22:15:00.000000000Z,2018-06-11T21:49:00.000000000Z,-0.03900000000000148,1.17776,1.17815,22,ask,107.38199999999962
2018-06-11T22:16:00.000000000Z,2018-06-11T21:56:00.000000000Z,-0.038000000000010914,1.17770,1.17808,19,ask,107.34399999999961
2018-06-11T22:17:00.000000000Z,2018-06-11T21:58:00.000000000Z,-0.04800000000000182,1.17763,1.17811,18,ask,107.29599999999961
2018-06-11T22:18:00.000000000Z,2018-06-11T22:00:00.000000000Z,-0.04399999999999693,1.17765,1.17809,17,ask,107.25199999999961
2018-06-11T22:23:00.000000000Z,2018-06-11T22:10:00.000000000Z,-0.012999999999991019,1.17770,1.17783,11,ask,107.23899999999962
2018-06-11T22:34:00.000000000Z,2018-06-11T22:11:00.000000000Z,-0.023000000000024556,1.17762,1.17785,19,ask,107.2159999999996
2018-06-11T22:36:00.000000000Z,2018-06-11T22:20:00.000000000Z,0.002999999999985903,1.17760,1.17757,13,ask,107.21899999999958
2018-06-11T22:44:00.000000000Z,2018-06-11T22:21:00.000000000Z,-0.016999999999995907,1.17737,1.17754,18,ask,107.20199999999959
2018-06-11T22:51:00.000000000Z,2018-06-11T22:24:00.000000000Z,-0.006000000000000227,1.17746,1.17752,21,ask,107.19599999999959
2018-06-11T22:52:00.000000000Z,2018-06-11T22:27:00.000000000Z,0.006000000000000227,1.17753,1.17747,19,ask,107.20199999999959
2018-06-11T22:57:00.000000000Z,2018-06-11T22:28:00.000000000Z,0.008000000000009777,1.17758,1.17750,23,ask,107.2099999999996
2018-06-11T22:59:00.000000000Z,2018-06-11T22:37:00.000000000Z,0.014000000000010004,1.17758,1.17744,18,ask,107.2239999999996
2018-06-11T23:01:00.000000000Z,2018-06-11T22:39:00.000000000Z,0.02899999999998215,1.17762,1.17733,18,ask,107.25299999999959
2018-06-11T23:06:00.000000000Z,2018-06-11T22:45:00.000000000Z,0.060000000000002274,1.17777,1.17717,19,ask,107.31299999999959
2018-06-11T23:11:00.000000000Z,2018-06-11T22:49:00.000000000Z,0.08100000000000307,1.17785,1.17704,20,ask,107.3939999999996
2018-06-11T23:12:00.000000000Z,2018-06-11T22:54:00.000000000Z,0.03300000000000125,1.17773,1.17740,16,ask,107.4269999999996
2018-06-11T23:18:00.000000000Z,2018-06-11T22:55:00.000000000Z,0.024999999999991473,1.17769,1.17744,21,ask,107.45199999999959
2018-06-11T23:24:00.000000000Z,2018-06-11T22:56:00.000000000Z,0.024999999999977263,1.17763,1.17738,26,ask,107.47699999999956
2018-06-11T23:26:00.000000000Z,2018-06-11T23:04:00.000000000Z,-0.003999999999990678,1.17748,1.17752,20,ask,107.47299999999957
2018-06-11T23:29:00.000000000Z,2018-06-11T23:05:00.000000000Z,-0.007000000000005002,1.17754,1.17761,22,ask,107.46599999999957
2018-06-11T23:30:00.000000000Z,2018-06-11T23:08:00.000000000Z,-0.01099999999999568,1.17756,1.17767,21,ask,107.45499999999957
2018-06-11T23:31:00.000000000Z,2018-06-11T23:10:00.000000000Z,-0.006999999999990791,1.17761,1.17768,21,ask,107.44799999999958
2018-06-11T23:32:00.000000000Z,2018-06-11T23:13:00.000000000Z,-0.002999999999985903,1.17756,1.17759,19,ask,107.4449999999996
2018-06-11T23:35:00.000000000Z,2018-06-11T23:15:00.000000000Z,0.015999999999991132,1.17760,1.17744,20,ask,107.46099999999959
2018-06-11T23:39:00.000000000Z,2018-06-11T23:16:00.000000000Z,0.0030000000000001137,1.17757,1.17754,23,ask,107.46399999999959
2018-06-11T23:41:00.000000000Z,2018-06-11T23:19:00.000000000Z,0.0040000000000048885,1.17756,1.17752,22,ask,107.46799999999959
2018-06-11T23:47:00.000000000Z,2018-06-11T23:22:00.000000000Z,-0.005000000000009663,1.17766,1.17771,25,ask,107.46299999999958
2018-06-11T23:50:00.000000000Z,2018-06-11T23:25:00.000000000Z,0.0,1.17749,1.17749,25,ask,107.46299999999958
2018-06-11T23:51:00.000000000Z,2018-06-11T23:27:00.000000000Z,0.015999999999991132,1.17746,1.17730,24,ask,107.47899999999957
2018-06-11T23:53:00.000000000Z,2018-06-11T23:28:00.000000000Z,0.018999999999991246,1.17746,1.17727,25,ask,107.49799999999956
2018-06-11T23:56:00.000000000Z,2018-06-11T23:33:00.000000000Z,0.01300000000001944,1.17748,1.17735,23,ask,107.51099999999958
